{
  "type": "FeatureCollection",
  "features": [
    {
      "type": "Feature",
      "properties": {
        "id": "zone-1",
        "name": "Zone 1",
        "crop": "Wheat (assumed, Rabi)",
        "tier": "high",
        "season_score": 27.85,
        "stress_class": "Non-water stress (cause undetermined)",
        "mean_ndvi": 0.4877,
        "mean_ndre": 0.3418,
        "mean_ndmi": 0.147,
        "ndvi_series": {
          "2025-01-26": 0.4985,
          "2025-01-31": 0.2746,
          "2025-02-05": 0.5278,
          "2025-03-02": 0.5749,
          "2025-03-07": 0.5346,
          "2025-03-12": 0.5131,
          "2025-03-17": 0.5202,
          "2025-03-22": 0.4938,
          "2025-03-27": 0.4515
        },
        "valid_frac": {
          "2025-01-26": 1.0,
          "2025-01-31": 1.0,
          "2025-02-05": 1.0,
          "2025-03-02": 1.0,
          "2025-03-07": 0.7497,
          "2025-03-12": 0.2077,
          "2025-03-17": 1.0,
          "2025-03-22": 1.0,
          "2025-03-27": 1.0
        },
        "shortfall_pct": 29.84,
        "advisory_text": "Scout for sowing date, nutrient or soil issues (field verification suggested).",
        "advisory_evidence": "NDVI 0.45 (zone) vs 0.64 (top-90% benchmark)",
        "low_confidence": true,
        "hectares": 1104.6,
        "crop_hectares": 1020.4,
        "masked_noncrop_ha": 84.2,
        "masked_noncrop_pct": 7.6,
        "source": "pipeline/yield_risk.py (data-driven SLIC clustering)"
      },
      "geometry": {
        "type": "Polygon",
        "coordinates": [
          [
            [
              75.67984334292731,
              30.900474074378476
            ],
            [
              75.6799460631553,
              30.90020284270186
            ],
            [
              75.68025996231542,
              30.90020119260421
            ],
            [
              75.68025741034432,
              30.899840283533315
            ],
            [
              75.6819232184866,
              30.898658516063666
            ],
            [
              75.68170244846088,
              30.89703552797926
            ],
            [
              75.68086541176838,
              30.897039935475235
            ],
            [
              75.68087626645448,
              30.898573799356548
            ],
            [
              75.67992884618992,
              30.897766705920123
            ],
            [
              75.68002327337011,
              30.896322519007445
            ],
            [
              75.68096429422032,
              30.896227339118944
            ],
            [
              75.68085391947781,
              30.89541584390626
            ],
            [
              75.68106125925713,
              30.895144060653873
            ],
            [
              75.68074546167618,
              30.894875030467713
            ],
            [
              75.6812666814574,
              30.89460159510758
            ],
            [
              75.68095152362227,
              30.894422792716078
            ],
            [
              75.68094641570535,
              30.893700974012518
            ],
            [
              75.68146826756735,
              30.893517765232353
            ],
            [
              75.68073461066315,
              30.893341165666925
            ],
            [
              75.68093939262032,
              30.89270847316228
            ],
            [
              75.68166984937258,
              30.892433934929745
            ],
            [
              75.68188613121185,
              30.893425333107952
            ],
            [
              75.68282712167282,
              30.893330140074497
            ],
            [
              75.68282584121451,
              30.89314968544631
            ],
            [
              75.68303637271036,
              30.893329035654368
            ],
            [
              75.68387337674503,
              30.893324614590377
            ],
            [
              75.68396581785053,
              30.89160974281414
            ],
            [
              75.68291894116781,
              30.891525041435145
            ],
            [
              75.68280215481761,
              30.8898112739073
            ],
            [
              75.68196454181687,
              30.889725460213555
            ],
            [
              75.68165770652988,
              30.890719615105013
            ],
            [
              75.68082072476396,
              30.89072402150415
            ],
            [
              75.68091641041269,
              30.889460287485914
            ],
            [
              75.68133489581555,
              30.889458084734308
            ],
            [
              75.68133297962318,
              30.88918740254374
            ],
            [
              75.67881570998959,
              30.888298324094535
            ],
            [
              75.681853527997,
              30.888823737664676
            ],
            [
              75.68185097119905,
              30.8884628280783
            ],
            [
              75.68101464750234,
              30.888557462853043
            ],
            [
              75.68048963184873,
              30.888289532438964
            ],
            [
              75.68059297592364,
              30.888108527388756
            ],
            [
              75.68184777526642,
              30.88801169106672
            ],
            [
              75.68194792015558,
              30.887379547920006
            ],
            [
              75.68215779774933,
              30.88746867251996
            ],
            [
              75.6820550966706,
              30.887739906190042
            ],
            [
              75.68247421425482,
              30.8878279272632
            ],
            [
              75.68236703607289,
              30.887467569369843
            ],
            [
              75.68267833377391,
              30.887105004410536
            ],
            [
              75.68184138361725,
              30.88710941694822
            ],
            [
              75.68204870314683,
              30.886837632072606
            ],
            [
              75.68162959025466,
              30.8867496095383
            ],
            [
              75.68173037445409,
              30.88620769386965
            ],
            [
              75.6818381879007,
              30.886658279841292
            ],
            [
              75.68215076390558,
              30.886476170963398
            ],
            [
              75.68246653731985,
              30.886745198416428
            ],
            [
              75.68267385430019,
              30.88647341256178
            ],
            [
              75.68267129466437,
              30.886112502905956
            ],
            [
              75.68214820623068,
              30.886115261268344
            ],
            [
              75.68225026590223,
              30.88575380005743
            ],
            [
              75.6818305184748,
              30.885575550655002
            ],
            [
              75.68203144207203,
              30.88440149132054
            ],
            [
              75.68286772860915,
              30.884306850463314
            ],
            [
              75.68287476924102,
              30.885299352204402
            ],
            [
              75.68392029595813,
              30.885203600218034
            ],
            [
              75.68392286018457,
              30.88556450983043
            ],
            [
              75.68496903060625,
              30.885558976734124
            ],
            [
              75.68496646245816,
              30.885198067200434
            ],
            [
              75.68695289022843,
              30.885007076471492
            ],
            [
              75.6869490269515,
              30.884465712342358
            ],
            [
              75.68642530455521,
              30.884378260493094
            ],
            [
              75.68652412910227,
              30.88356565919816
            ],
            [
              75.68620899830165,
              30.88338686891698
            ],
            [
              75.68620385319653,
              30.88266504977436
            ],
            [
              75.68484387282594,
              30.88267225352219
            ],
            [
              75.68473797542848,
              30.882492352211248
            ],
            [
              75.68557488493842,
              30.88248792153458
            ],
            [
              75.68556653225951,
              30.881314965067435
            ],
            [
              75.68483360356132,
              30.881228614582966
            ],
            [
              75.68493436451354,
              30.880686696313038
            ],
            [
              75.6871312102905,
              30.880675051522942
            ],
            [
              75.68713636194289,
              30.881396870747185
            ],
            [
              75.68598626762757,
              30.88149320264173
            ],
            [
              75.68609345219997,
              30.88185355776565
            ],
            [
              75.68640729111641,
              30.881851893640015
            ],
            [
              75.68609409520384,
              30.881943785176343
            ],
            [
              75.68609731026673,
              30.88239492221073
            ],
            [
              75.68714280176958,
              30.882299144663076
            ],
            [
              75.68745793065771,
              30.882477932727436
            ],
            [
              75.68787574044659,
              30.882385481902848
            ],
            [
              75.68776661488327,
              30.881754446255595
            ],
            [
              75.68724355068674,
              30.881757224861303
            ],
            [
              75.6871408697911,
              30.882028462501662
            ],
            [
              75.68661651704622,
              30.881850783800182
            ],
            [
              75.68776468119263,
              30.881483764106864
            ],
            [
              75.68797197201013,
              30.881211969936306
            ],
            [
              75.68775952481207,
              30.880761944987636
            ],
            [
              75.6882832285723,
              30.880849391761487
            ],
            [
              75.68890896270568,
              30.880575370105383
            ],
            [
              75.68890444351867,
              30.87994377844386
            ],
            [
              75.68838074418744,
              30.879856334106503
            ],
            [
              75.68837493845037,
              30.87904428749252
            ],
            [
              75.68816571869634,
              30.879045400084298
            ],
            [
              75.6881708777717,
              30.879767219333477
            ],
            [
              75.68754321373528,
              30.879770555174808
            ],
            [
              75.68732755139236,
              30.878869392213243
            ],
            [
              75.68669989309726,
              30.878872723878132
            ],
            [
              75.68701243468591,
              30.87869060355254
            ],
            [
              75.68700664075577,
              30.877878556558514
            ],
            [
              75.68794811837819,
              30.877873555833048
            ],
            [
              75.68803209689224,
              30.874985721371747
            ],
            [
              75.68760852105423,
              30.874266124979506
            ],
            [
              75.68698089279874,
              30.87426945756152
            ],
            [
              75.68697445653483,
              30.873367182494484
            ],
            [
              75.68624673085006,
              30.874002659179887
            ],
            [
              75.68604137850977,
              30.87454513327788
            ],
            [
              75.6854150325949,
              30.874728913338057
            ],
            [
              75.68500431329794,
              30.87581385862297
            ],
            [
              75.68355263257637,
              30.877626151420284
            ],
            [
              75.68292818155541,
              30.878080602294666
            ],
            [
              75.68272280217553,
              30.878623071194426
            ],
            [
              75.68220167226572,
              30.878896511749275
            ],
            [
              75.68210089756187,
              30.8794384282409
            ],
            [
              75.68002653202106,
              30.8819758088209
            ],
            [
              75.67960616826008,
              30.88170732426312
            ],
            [
              75.67992000712505,
              30.88170567587512
            ],
            [
              75.68022428367746,
              30.880350613725515
            ],
            [
              75.68354238471954,
              30.876182510964473
            ],
            [
              75.6848875145034,
              30.87410008911031
            ],
            [
              75.68509672365745,
              30.874098981976495
            ],
            [
              75.68592584850366,
              30.873011819697393
            ],
            [
              75.68592199283296,
              30.872470454447267
            ],
            [
              75.68623580118182,
              30.872468791190606
            ],
            [
              75.68665099586462,
              30.872015434657477
            ],
            [
              75.68695965422884,
              30.871291949357907
            ],
            [
              75.6869487143803,
              30.869758080955222
            ],
            [
              75.68799277901356,
              30.869481843311323
            ],
            [
              75.68820584602875,
              30.870022096549075
            ],
            [
              75.68944877602483,
              30.86830109431865
            ],
            [
              75.68996918176124,
              30.867937397772273
            ],
            [
              75.69049217060316,
              30.867934609270606
            ],
            [
              75.69039403969003,
              30.86883744231641
            ],
            [
              75.69206956402779,
              30.86909918838181
            ],
            [
              75.69217805331131,
              30.86963999395393
            ],
            [
              75.69019130737873,
              30.86974083293032
            ],
            [
              75.69019906598147,
              30.870823562869383
            ],
            [
              75.68957016854719,
              30.870646452676652
            ],
            [
              75.68904781036558,
              30.870739465183995
            ],
            [
              75.6886319873918,
              30.87110260173076
            ],
            [
              75.6887391694753,
              30.871462955263404
            ],
            [
              75.68894837273189,
              30.871461841989827
            ],
            [
              75.68894579110537,
              30.87110093197093
            ],
            [
              75.68915628476587,
              30.871280273379213
            ],
            [
              75.69009705097767,
              30.871185030495635
            ],
            [
              75.69020617840266,
              30.87181606515272
            ],
            [
              75.69052127812978,
              30.87199484647442
            ],
            [
              75.69083508462528,
              30.871993172091404
            ],
            [
              75.69083249587477,
              30.871632262245797
            ],
            [
              75.69104493633188,
              30.87208228286774
            ],
            [
              75.69156794756002,
              30.87207948968401
            ],
            [
              75.69156665180147,
              30.871899034794108
            ],
            [
              75.69177715203085,
              30.872078371818915
            ],
            [
              75.69229951459018,
              30.871985348246774
            ],
            [
              75.69229562325215,
              30.87144398363771
            ],
            [
              75.69261202322451,
              30.87180321470087
            ],
            [
              75.69313503276382,
              30.871800415208405
            ],
            [
              75.69322794519863,
              30.870175761368667
            ],
            [
              75.69333514329996,
              30.87053611090399
            ],
            [
              75.6935443443403,
              30.870534990233175
            ],
            [
              75.69333644230184,
              30.870716565764372
            ],
            [
              75.69344623992782,
              30.87143782484193
            ],
            [
              75.69449160417653,
              30.871341989665424
            ],
            [
              75.69438960484227,
              30.871703460411762
            ],
            [
              75.69522641888774,
              30.871698968731785
            ],
            [
              75.69532320407076,
              30.870615678275787
            ],
            [
              75.69689155939021,
              30.870517013526875
            ],
            [
              75.69699093649116,
              30.86979463142754
            ],
            [
              75.69699485396417,
              30.87033599563482
            ],
            [
              75.69752046871636,
              30.870694087960864
            ],
            [
              75.69678826443322,
              30.870698031337376
            ],
            [
              75.69689874068631,
              30.871509514448768
            ],
            [
              75.6973177999213,
              30.87159748852853
            ],
            [
              75.69741848143543,
              30.871055560947585
            ],
            [
              75.69752569619149,
              30.87141590671186
            ],
            [
              75.69836250717985,
              30.87141139479688
            ],
            [
              75.69835596502782,
              30.870509121505908
            ],
            [
              75.69866976616072,
              30.870507428203574
            ],
            [
              75.69878091260327,
              30.871409136811103
            ],
            [
              75.70003678438908,
              30.87149258203055
            ],
            [
              75.69961903412555,
              30.871585071377666
            ],
            [
              75.6996203449545,
              30.871765525967312
            ],
            [
              75.69920062801282,
              30.871587332083926
            ],
            [
              75.69920521322256,
              30.872218923181663
            ],
            [
              75.69962362207855,
              30.872216662419135
            ],
            [
              75.69983020399988,
              30.871854622387954
            ],
            [
              75.7004610958662,
              30.872302364107806
            ],
            [
              75.70150646134519,
              30.87220647225382
            ],
            [
              75.70150317540345,
              30.871755335983217
            ],
            [
              75.70087425218001,
              30.87157828114573
            ],
            [
              75.70139397422875,
              30.871124311965456
            ],
            [
              75.70233604089339,
              30.871209434842214
            ],
            [
              75.70255248274542,
              30.872200799218824
            ],
            [
              75.70359323070194,
              30.87147330000727
            ],
            [
              75.70411623722337,
              30.871470456175697
            ],
            [
              75.70443202085976,
              30.87173943047048
            ],
            [
              75.70673325493978,
              30.871726886799866
            ],
            [
              75.70694510709242,
              30.87208665303587
            ],
            [
              75.70799112596531,
              30.872080936073782
            ],
            [
              75.7081976758753,
              30.87171888316683
            ],
            [
              75.70746546548072,
              30.871722887053913
            ],
            [
              75.70735953865496,
              30.871543004409357
            ],
            [
              75.70819701242559,
              30.871628656038563
            ],
            [
              75.70829895963978,
              30.87126717520102
            ],
            [
              75.70882196451052,
              30.871264312374667
            ],
            [
              75.70840289698921,
              30.87117637567422
            ],
            [
              75.70829431497351,
              30.87063558524615
            ],
            [
              75.7052609051381,
              30.870652147562694
            ],
            [
              75.70525694115831,
              30.870110784341144
            ],
            [
              75.70431488311516,
              30.870025682583712
            ],
            [
              75.70420632541332,
              30.869484888259194
            ],
            [
              75.70441552368462,
              30.869483750055025
            ],
            [
              75.70430894530826,
              30.86921363749003
            ],
            [
              75.70493587797604,
              30.86911999416605
            ],
            [
              75.70546085403454,
              30.869387826750998
            ],
            [
              75.70671471788118,
              30.86920052593041
            ],
            [
              75.70765942114512,
              30.869646519002718
            ],
            [
              75.70849621493883,
              30.869641941816017
            ],
            [
              75.70870076632504,
              30.86900920661618
            ],
            [
              75.70786397806499,
              30.869013785040973
            ],
            [
              75.70786198887559,
              30.86874310351956
            ],
            [
              75.70817246688873,
              30.868290251398435
            ],
            [
              75.70859218533691,
              30.868468416246277
            ],
            [
              75.70900924880772,
              30.868285671075906
            ],
            [
              75.70901788263643,
              30.869458624044167
            ],
            [
              75.70922973808135,
              30.8698183866116
            ],
            [
              75.71111385883452,
              30.869988511637974
            ],
            [
              75.71121579344488,
              30.8696270286078
            ],
            [
              75.71278478012152,
              30.86961839884843
            ],
            [
              75.7128967250892,
              30.870610320492972
            ],
            [
              75.71342039418579,
              30.870697666186103
            ],
            [
              75.71331913506873,
              30.871149377818277
            ],
            [
              75.71279947009042,
              30.871603394015356
            ],
            [
              75.7146782749227,
              30.871051650358048
            ],
            [
              75.71342774585143,
              30.87169016354334
            ],
            [
              75.71342975091443,
              30.87196084461405
            ],
            [
              75.71437116535711,
              30.871955652588433
            ],
            [
              75.71447442827565,
              30.871774621269317
            ],
            [
              75.71458036853342,
              30.87195449787532
            ],
            [
              75.71531257955543,
              30.87195045371727
            ],
            [
              75.71520596793034,
              30.871680350741688
            ],
            [
              75.71551977173607,
              30.871678616535444
            ],
            [
              75.71541718111793,
              30.87194987564237
            ],
            [
              75.71573232682184,
              30.872128594860946
            ],
            [
              75.71593817676808,
              30.871676303077287
            ],
            [
              75.71646118299006,
              30.871673409353082
            ],
            [
              75.71645782707293,
              30.87122227450775
            ],
            [
              75.71603942406081,
              30.87122458961496
            ],
            [
              75.71592878724854,
              30.870413125286113
            ],
            [
              75.71655437275032,
              30.87013897178583
            ],
            [
              75.71634383153042,
              30.869959675646374
            ],
            [
              75.71644574639757,
              30.869598188801238
            ],
            [
              75.71738108922264,
              30.868780932359076
            ],
            [
              75.71728321007619,
              30.869683781805055
            ],
            [
              75.71801674859718,
              30.86986017655002
            ],
            [
              75.71770429550548,
              30.87004237064796
            ],
            [
              75.71728388198582,
              30.869774008781803
            ],
            [
              75.71718532927035,
              30.87058663108055
            ],
            [
              75.71697612918426,
              30.87058778995747
            ],
            [
              75.71698015910583,
              30.87112915175967
            ],
            [
              75.7176084351066,
              30.87121590099081
            ],
            [
              75.71761717465844,
              30.872388851227786
            ],
            [
              75.71719876668496,
              30.872391170160682
            ],
            [
              75.71720279814558,
              30.872932531785498
            ],
            [
              75.71646923749975,
              30.872756132852107
            ],
            [
              75.71636933306506,
              30.873388300428275
            ],
            [
              75.71605619460531,
              30.87348026372945
            ],
            [
              75.71616281069855,
              30.873750365862087
            ],
            [
              75.71720951748893,
              30.873834801058415
            ],
            [
              75.71742074106699,
              30.874104322439706
            ],
            [
              75.71700501269747,
              30.87446754852793
            ],
            [
              75.71627345390046,
              30.87456182948508
            ],
            [
              75.71607363797652,
              30.875826163965076
            ],
            [
              75.7168072214494,
              30.87600256470476
            ],
            [
              75.71680386333621,
              30.875551430195646
            ],
            [
              75.71743149592731,
              30.8755479528847
            ],
            [
              75.71743485698025,
              30.87599908733197
            ],
            [
              75.71806383802031,
              30.876176060661486
            ],
            [
              75.7180665292933,
              30.876536968136705
            ],
            [
              75.71775405489889,
              30.87671916250444
            ],
            [
              75.71650011715667,
              30.87690657123464
            ],
            [
              75.71650347402694,
              30.87735770567923
            ],
            [
              75.71681931128353,
              30.877626648674187
            ],
            [
              75.71714119831692,
              30.878707632599944
            ],
            [
              75.7175616509747,
              30.878975993960175
            ],
            [
              75.71757375495672,
              30.88060007691408
            ],
            [
              75.71788758766672,
              30.88059833651736
            ],
            [
              75.71787884198095,
              30.879425387839124
            ],
            [
              75.7181933438621,
              30.879513873584873
            ],
            [
              75.7181980550933,
              30.880145461309155
            ],
            [
              75.71872178058871,
              30.880232784542965
            ],
            [
              75.71839381169994,
              30.87833976369744
            ],
            [
              75.71870763698644,
              30.878338021426632
            ],
            [
              75.71913213556739,
              30.87914773854531
            ],
            [
              75.71892830664076,
              30.879870715319193
            ],
            [
              75.71913820072153,
              30.879959779772122
            ],
            [
              75.71925157338309,
              30.88113214670068
            ],
            [
              75.71946079627187,
              30.88113098379059
            ],
            [
              75.71946281904525,
              30.88140166410839
            ],
            [
              75.71914965779514,
              30.881493635141574
            ],
            [
              75.71988531394382,
              30.881940697800484
            ],
            [
              75.71988801265881,
              30.882301604809438
            ],
            [
              75.71925898819605,
              30.88212464118878
            ],
            [
              75.718950541075,
              30.882848199114132
            ],
            [
              75.71947697922467,
              30.883296426012347
            ],
            [
              75.71968553228568,
              30.883205035924327
            ],
            [
              75.71937371389161,
              30.883477461048813
            ],
            [
              75.71937708510072,
              30.883928594750373
            ],
            [
              75.72000679647138,
              30.884195784281978
            ],
            [
              75.72001421996944,
              30.885188278134862
            ],
            [
              75.71970172162185,
              30.885370477344345
            ],
            [
              75.71970374541199,
              30.88564115747032
            ],
            [
              75.71928258322869,
              30.88528257717205
            ],
            [
              75.71876085082683,
              30.88546593690147
            ],
            [
              75.71834103949534,
              30.88528780693797
            ],
            [
              75.7180298836359,
              30.885650455640672
            ],
            [
              75.71771536172935,
              30.88556196989108
            ],
            [
              75.71782468793322,
              30.88619297683065
            ],
            [
              75.71730496485792,
              30.886647011003053
            ],
            [
              75.71731034399251,
              30.88736882488437
            ],
            [
              75.71773016264403,
              30.887546958023147
            ],
            [
              75.71772747145947,
              30.88718605113585
            ],
            [
              75.71814325097495,
              30.88682282262238
            ],
            [
              75.71918807909623,
              30.886636559284874
            ],
            [
              75.71918673081329,
              30.886456105876142
            ],
            [
              75.71960452519698,
              30.886363552869945
            ],
            [
              75.71970576922952,
              30.88591183758483
            ],
            [
              75.7200196191083,
              30.885910091749356
            ],
            [
              75.7200236685902,
              30.886451451906765
            ],
            [
              75.72128177931202,
              30.88680536745211
            ],
            [
              75.72108065537888,
              30.887889253365593
            ],
            [
              75.72087141787627,
              30.887890419122837
            ],
            [
              75.72129327364769,
              30.888339220473473
            ],
            [
              75.72108471114547,
              30.88843061323072
            ],
            [
              75.72108876702173,
              30.888971973050047
            ],
            [
              75.72056634285893,
              30.889065113575718
            ],
            [
              75.72067974594431,
              30.890237477175376
            ],
            [
              75.72109890719227,
              30.890325372397886
            ],
            [
              75.7213142361743,
              30.89113624562434
            ],
            [
              75.72069055655692,
              30.891681102983778
            ],
            [
              75.72027206501674,
              30.891683433154927
            ],
            [
              75.72027341561359,
              30.891863886374637
            ],
            [
              75.71912256146955,
              30.891870287413127
            ],
            [
              75.71900984907062,
              30.890788149125697
            ],
            [
              75.71796362944924,
              30.890793958277143
            ],
            [
              75.71786035349538,
              30.890974992067385
            ],
            [
              75.71807296393841,
              30.891424964382328
            ],
            [
              75.71849280180137,
              30.891603094638196
            ],
            [
              75.71839289371913,
              30.89223526204583
            ],
            [
              75.71860416202873,
              30.892504780053475
            ],
            [
              75.71964972536816,
              30.892408738821967
            ],
            [
              75.7200695703729,
              30.892586863822082
            ],
            [
              75.72048671482244,
              30.89240408105367
            ],
            [
              75.72048333728117,
              30.891952948053742
            ],
            [
              75.7207978826016,
              30.89204142662245
            ],
            [
              75.720595392229,
              30.892944857997517
            ],
            [
              75.72017892091803,
              30.893217867726737
            ],
            [
              75.72070407091904,
              30.893485634786078
            ],
            [
              75.72091196871045,
              30.893304015961103
            ],
            [
              75.72133114357125,
              30.893391910177666
            ],
            [
              75.72122922381365,
              30.89375339965719
            ],
            [
              75.7208093716061,
              30.893575278565073
            ],
            [
              75.72039289822573,
              30.89384828898983
            ],
            [
              75.72112662715647,
              30.89402466248754
            ],
            [
              75.72071015277943,
              30.89429767393102
            ],
            [
              75.72071218012105,
              30.894568353623086
            ],
            [
              75.72092075617,
              30.894476961338803
            ],
            [
              75.72102673424041,
              30.894656831462946
            ],
            [
              75.72061093257534,
              30.89502006916405
            ],
            [
              75.72103011469054,
              30.895107964220152
            ],
            [
              75.72071961394153,
              30.895560845729324
            ],
            [
              75.721244778326,
              30.895828610274243
            ],
            [
              75.71998857446266,
              30.895745376386802
            ],
            [
              75.71988732238532,
              30.896197091352306
            ],
            [
              75.72061904122164,
              30.896102787766257
            ],
            [
              75.72104025649797,
              30.89646136230084
            ],
            [
              75.7207283998409,
              30.896733790747227
            ],
            [
              75.71978741935081,
              30.89682925932249
            ],
            [
              75.71979079428088,
              30.897280392051226
            ],
            [
              75.72125627617584,
              30.89736246116711
            ],
            [
              75.72125762892198,
              30.89754291418915
            ],
            [
              75.7217814519477,
              30.897630223282327
            ],
            [
              75.72179566688312,
              30.89952497946173
            ],
            [
              75.72200696104487,
              30.89979449121191
            ],
            [
              75.72127318637895,
              30.899618123576573
            ],
            [
              75.72126033445083,
              30.89790382021793
            ],
            [
              75.7199001489834,
              30.89791139568216
            ],
            [
              75.71991095118108,
              30.89935502002458
            ],
            [
              75.72253350754492,
              30.900242702835026
            ],
            [
              75.67984334292731,
              30.900474074378476
            ]
          ]
        ]
      }
    },
    {
      "type": "Feature",
      "properties": {
        "id": "zone-4",
        "name": "Zone 4",
        "crop": "Wheat (assumed, Rabi)",
        "tier": "high",
        "season_score": 23.22,
        "stress_class": "Non-water stress (cause undetermined)",
        "mean_ndvi": 0.5049,
        "mean_ndre": 0.3608,
        "mean_ndmi": 0.1819,
        "ndvi_series": {
          "2025-01-26": 0.5321,
          "2025-01-31": 0.293,
          "2025-02-05": 0.571,
          "2025-03-02": 0.5964,
          "2025-03-07": 0.5486,
          "2025-03-12": 0.4339,
          "2025-03-17": 0.5404,
          "2025-03-22": 0.5307,
          "2025-03-27": 0.4979
        },
        "valid_frac": {
          "2025-01-26": 1.0,
          "2025-01-31": 1.0,
          "2025-02-05": 1.0,
          "2025-03-02": 1.0,
          "2025-03-07": 1.0,
          "2025-03-12": 0.0104,
          "2025-03-17": 1.0,
          "2025-03-22": 1.0,
          "2025-03-27": 1.0
        },
        "shortfall_pct": 22.62,
        "advisory_text": "Scout for sowing date, nutrient or soil issues (field verification suggested).",
        "advisory_evidence": "NDVI 0.50 (zone) vs 0.64 (top-90% benchmark)",
        "low_confidence": true,
        "hectares": 1239.5,
        "crop_hectares": 1080.8,
        "masked_noncrop_ha": 158.7,
        "masked_noncrop_pct": 12.8,
        "source": "pipeline/yield_risk.py (data-driven SLIC clustering)"
      },
      "geometry": {
        "type": "Polygon",
        "coordinates": [
          [
            [
              75.65985108411296,
              30.868996731011627
            ],
            [
              75.6595335786172,
              30.868456961621117
            ],
            [
              75.66005595529275,
              30.868364067949816
            ],
            [
              75.66005471875593,
              30.868183611781255
            ],
            [
              75.6596363239785,
              30.868185744398644
            ],
            [
              75.65963447036968,
              30.867915060113504
            ],
            [
              75.65932005756882,
              30.867826430568925
            ],
            [
              75.65953296083441,
              30.868366733529257
            ],
            [
              75.65911765220017,
              30.868820004956223
            ],
            [
              75.65921978161488,
              30.86845855996041
            ],
            [
              75.65890598458752,
              30.868460157539158
            ],
            [
              75.6589041330108,
              30.86818947322567
            ],
            [
              75.65932252786618,
              30.86818734297439
            ],
            [
              75.65911209568164,
              30.868007952061255
            ],
            [
              75.65921422431492,
              30.86764650703678
            ],
            [
              75.65858725240382,
              30.86773992945054
            ],
            [
              75.65847957028755,
              30.86728932092161
            ],
            [
              75.65827037478006,
              30.867290384826344
            ],
            [
              75.6582734576774,
              30.867741525462783
            ],
            [
              75.6579590466348,
              30.8676528925841
            ],
            [
              75.65795473267448,
              30.867021295635574
            ],
            [
              75.65868629794882,
              30.866927344177142
            ],
            [
              75.65868999971818,
              30.867468712922115
            ],
            [
              75.6592123719317,
              30.86737582270604
            ],
            [
              75.65921051957353,
              30.867105138363865
            ],
            [
              75.65879027825125,
              30.866836583809885
            ],
            [
              75.65878595898067,
              30.866204986887332
            ],
            [
              75.65763539657327,
              30.86621083671941
            ],
            [
              75.65752833658225,
              30.865850455369426
            ],
            [
              75.65700412480398,
              30.865672654194388
            ],
            [
              75.65710687450657,
              30.865401438804216
            ],
            [
              75.65888500151738,
              30.865392401316893
            ],
            [
              75.65909295828772,
              30.865210880191185
            ],
            [
              75.65877855483396,
              30.86512224916104
            ],
            [
              75.658881916043,
              30.86494126057215
            ],
            [
              75.65856936404471,
              30.8651233134819
            ],
            [
              75.65856813045097,
              30.86494285716884
            ],
            [
              75.65793994298681,
              30.864855819911106
            ],
            [
              75.65637101587087,
              30.86486378385529
            ],
            [
              75.65636302455646,
              30.863690817164137
            ],
            [
              75.6558394408712,
              30.863603239239655
            ],
            [
              75.65583514149685,
              30.862971641626793
            ],
            [
              75.65520696913535,
              30.86288459086245
            ],
            [
              75.65510544362257,
              30.86333626137595
            ],
            [
              75.6548962565568,
              30.86333731970695
            ],
            [
              75.65436961193403,
              30.862798594496287
            ],
            [
              75.65395246490664,
              30.862981164949577
            ],
            [
              75.65280132853803,
              30.862896742992294
            ],
            [
              75.65269918044099,
              30.863258183491926
            ],
            [
              75.65238601090603,
              30.86334999331886
            ],
            [
              75.6523884547914,
              30.86371090647598
            ],
            [
              75.65270284803194,
              30.86379955319381
            ],
            [
              75.65228447167671,
              30.86380166178251
            ],
            [
              75.65228569344555,
              30.863982118354656
            ],
            [
              75.65217682369678,
              30.863351047256504
            ],
            [
              75.65123548111887,
              30.863355785793722
            ],
            [
              75.65102812293945,
              30.86362752281541
            ],
            [
              75.65029474732674,
              30.86345074581604
            ],
            [
              75.65019746071128,
              30.864534011006054
            ],
            [
              75.64967509446939,
              30.864626864789987
            ],
            [
              75.64946230213295,
              30.833046874097818
            ],
            [
              75.6540727634803,
              30.83446738510679
            ],
            [
              75.65480469906024,
              30.83446368723156
            ],
            [
              75.65480347400597,
              30.834283229926875
            ],
            [
              75.65522294790232,
              30.83446157230337
            ],
            [
              75.6552217220657,
              30.834281115013752
            ],
            [
              75.65605821805245,
              30.834276881136738
            ],
            [
              75.65616155245252,
              30.834095894261566
            ],
            [
              75.65773182475844,
              30.834358625779828
            ],
            [
              75.65699743210423,
              30.834001425721397
            ],
            [
              75.65709769116714,
              30.833369295010396
            ],
            [
              75.6588764600814,
              30.833540723246475
            ],
            [
              75.65897732277689,
              30.832998819816257
            ],
            [
              75.65876635309783,
              30.83272919766003
            ],
            [
              75.65761372970104,
              30.832374127123362
            ],
            [
              75.65781669659737,
              30.83147077903867
            ],
            [
              75.6574987150592,
              30.83084077096504
            ],
            [
              75.65791694796769,
              30.83083864756252
            ],
            [
              75.6585455291315,
              30.831015917192637
            ],
            [
              75.65875957513977,
              30.831736682945053
            ],
            [
              75.6589662280776,
              30.831374704884826
            ],
            [
              75.6600136677307,
              30.831640067713952
            ],
            [
              75.66095346261079,
              30.831454812619764
            ],
            [
              75.66095469903188,
              30.831635269780072
            ],
            [
              75.66137355369914,
              30.831723363741748
            ],
            [
              75.66147996893291,
              30.831993515575302
            ],
            [
              75.66106853303177,
              30.83298816476645
            ],
            [
              75.66002045856553,
              30.832632582192804
            ],
            [
              75.65970739526014,
              30.832724408634846
            ],
            [
              75.65970924649272,
              30.832995094388412
            ],
            [
              75.66023266663548,
              30.833082659409424
            ],
            [
              75.66023451936827,
              30.833353345119313
            ],
            [
              75.65971356613284,
              30.83362669443564
            ],
            [
              75.6598199789465,
              30.833896847590637
            ],
            [
              75.66023760731198,
              30.83380448794375
            ],
            [
              75.66044240561024,
              30.833171821961773
            ],
            [
              75.66096459080202,
              30.833078926879825
            ],
            [
              75.6613846890814,
              30.833347477796494
            ],
            [
              75.6619074933849,
              30.833344807456083
            ],
            [
              75.66201019651724,
              30.833073587521817
            ],
            [
              75.6627427402735,
              30.833160073475824
            ],
            [
              75.66221807876961,
              30.83289206156351
            ],
            [
              75.66232016105265,
              30.832530612842838
            ],
            [
              75.66315850155966,
              30.832797018919752
            ],
            [
              75.66262950235563,
              30.831897408883183
            ],
            [
              75.66346659699292,
              30.831983355997306
            ],
            [
              75.66335893531414,
              30.831532748805238
            ],
            [
              75.6636732326325,
              30.831621370688495
            ],
            [
              75.66377654987822,
              30.83144037791136
            ],
            [
              75.66377406650942,
              30.83107946378103
            ],
            [
              75.66325127468028,
              30.831082141478007
            ],
            [
              75.66324941364974,
              30.830811455838347
            ],
            [
              75.66366826667715,
              30.830899542412585
            ],
            [
              75.66366640449006,
              30.830628856788188
            ],
            [
              75.66345728873897,
              30.83062992793229
            ],
            [
              75.6635593641301,
              30.830268478211156
            ],
            [
              75.66313989372597,
              30.83009016267535
            ],
            [
              75.66334404509234,
              30.829367263566084
            ],
            [
              75.6641792547581,
              30.829182520747455
            ],
            [
              75.66479850988955,
              30.828006331779765
            ],
            [
              75.66490555218446,
              30.828366709427346
            ],
            [
              75.66459685835474,
              30.829090147334156
            ],
            [
              75.66512088334446,
              30.829267921436536
            ],
            [
              75.66511901720226,
              30.828997235823753
            ],
            [
              75.6655372414744,
              30.828995087935446
            ],
            [
              75.66585277784434,
              30.82926416170594
            ],
            [
              75.6666898520524,
              30.829350088314897
            ],
            [
              75.6661701850999,
              30.829803920203748
            ],
            [
              75.66627723462213,
              30.83016429651526
            ],
            [
              75.66753441952116,
              30.830518751270027
            ],
            [
              75.66753629255288,
              30.830789436685958
            ],
            [
              75.66680688141015,
              30.831154120018343
            ],
            [
              75.6669164300558,
              30.831875409548257
            ],
            [
              75.66712679634672,
              30.832054789704014
            ],
            [
              75.66775352778195,
              30.831961328906527
            ],
            [
              75.6678605857453,
              30.83232170366949
            ],
            [
              75.66838275862445,
              30.83222877884082
            ],
            [
              75.66838400898094,
              30.832409235707104
            ],
            [
              75.6690113671418,
              30.832405997237046
            ],
            [
              75.66953541805061,
              30.832583753010347
            ],
            [
              75.66953667058094,
              30.83276420982419
            ],
            [
              75.6697439113214,
              30.83249244358874
            ],
            [
              75.6704764567344,
              30.83257888577742
            ],
            [
              75.67067553936548,
              30.831134148887198
            ],
            [
              75.67140807517094,
              30.83122058596381
            ],
            [
              75.67140681921664,
              30.831040129176156
            ],
            [
              75.67172049366381,
              30.831038503066292
            ],
            [
              75.67182756529155,
              30.83139887440026
            ],
            [
              75.67349987151813,
              30.831299959162866
            ],
            [
              75.67360758012285,
              30.831750557254924
            ],
            [
              75.67392125673796,
              30.831748925782716
            ],
            [
              75.6739168444018,
              30.831117327381726
            ],
            [
              75.67506950986282,
              30.831472252263115
            ],
            [
              75.67517027940447,
              30.830930337410408
            ],
            [
              75.67548332146825,
              30.83083847387189
            ],
            [
              75.67569559707937,
              30.83128852488479
            ],
            [
              75.67621775621544,
              30.83119556865007
            ],
            [
              75.67621396140042,
              30.83065419880621
            ],
            [
              75.67684004104918,
              30.830470465983645
            ],
            [
              75.67683434379083,
              30.829658411214247
            ],
            [
              75.67735585944583,
              30.82947522220666
            ],
            [
              75.67756750689922,
              30.829835041863973
            ],
            [
              75.67694016656125,
              30.82983832152387
            ],
            [
              75.67704788941262,
              30.830288916643934
            ],
            [
              75.67725637041653,
              30.830197595275877
            ],
            [
              75.6773621945786,
              30.83037750520554
            ],
            [
              75.67736409517414,
              30.83064819008044
            ],
            [
              75.677050422361,
              30.830649829836364
            ],
            [
              75.67736536225212,
              30.83082864665736
            ],
            [
              75.67736789644233,
              30.83118955979596
            ],
            [
              75.67694966367252,
              30.831191746015136
            ],
            [
              75.6770586547588,
              30.831822797571444
            ],
            [
              75.67653586032432,
              30.831825528936815
            ],
            [
              75.67653396196407,
              30.831554844064758
            ],
            [
              75.67580268378879,
              30.831648892697025
            ],
            [
              75.67580141959276,
              30.831468436084645
            ],
            [
              75.67548774401129,
              30.83147007209599
            ],
            [
              75.67538697575405,
              30.832011987132844
            ],
            [
              75.67580584432875,
              30.832100034205766
            ],
            [
              75.67590913911457,
              30.8319190320905
            ],
            [
              75.67622977380698,
              30.83290990618741
            ],
            [
              75.67623230395745,
              30.83327081929475
            ],
            [
              75.67581406206615,
              30.833273001979926
            ],
            [
              75.67592051930596,
              30.833543141269864
            ],
            [
              75.67612837593586,
              30.833361593368235
            ],
            [
              75.67633876235931,
              30.83354095822384
            ],
            [
              75.67686029984031,
              30.833357770997402
            ],
            [
              75.67675194113183,
              30.83281694770083
            ],
            [
              75.67727474091576,
              30.832814215384648
            ],
            [
              75.67737423211787,
              30.83209184255359
            ],
            [
              75.677897661977,
              30.832179336042778
            ],
            [
              75.67790146647006,
              30.832720705570367
            ],
            [
              75.67905162447893,
              30.832714681500953
            ],
            [
              75.67884059996715,
              30.8324450928403
            ],
            [
              75.67904400268853,
              30.83163194265737
            ],
            [
              75.67831272665832,
              30.83172600543128
            ],
            [
              75.67820626486414,
              30.8314558681013
            ],
            [
              75.67778803101244,
              30.831458057043978
            ],
            [
              75.67830384463272,
              30.830462809709335
            ],
            [
              75.67809282723776,
              30.830193219633696
            ],
            [
              75.67903574621432,
              30.830458975370476
            ],
            [
              75.67934814750728,
              30.830276874303728
            ],
            [
              75.67913839800688,
              30.830187742487137
            ],
            [
              75.67913522212282,
              30.829736601156515
            ],
            [
              75.67944825636965,
              30.82964472813242
            ],
            [
              75.67945079823295,
              30.830005641181113
            ],
            [
              75.67976446879544,
              30.830003995644148
            ],
            [
              75.6808068534737,
              30.829547363849496
            ],
            [
              75.68090822571055,
              30.82909567312546
            ],
            [
              75.68111988543768,
              30.829455486815903
            ],
            [
              75.6816426665315,
              30.82945273714112
            ],
            [
              75.68195442176385,
              30.82918040165711
            ],
            [
              75.68195123283895,
              30.82872926052061
            ],
            [
              75.68216034367487,
              30.828728159585197
            ],
            [
              75.68226872756675,
              30.829268978315646
            ],
            [
              75.68310389772975,
              30.829084114024948
            ],
            [
              75.68268950547956,
              30.829627687874208
            ],
            [
              75.68310836985334,
              30.829715711420608
            ],
            [
              75.68300764616183,
              30.83025763186994
            ],
            [
              75.68332323461726,
              30.83052666225349
            ],
            [
              75.68384474209043,
              30.830343447259622
            ],
            [
              75.68384154417922,
              30.829892306382256
            ],
            [
              75.68457600164902,
              30.8302493534716
            ],
            [
              75.68509878666714,
              30.83024658978669
            ],
            [
              75.68520206195268,
              30.830065580498047
            ],
            [
              75.68530982353329,
              30.830516168154485
            ],
            [
              75.68541245764335,
              30.830244930563236
            ],
            [
              75.68572612859353,
              30.830243270580407
            ],
            [
              75.68531046449877,
              30.830606396296066
            ],
            [
              75.6854182272387,
              30.831056983808377
            ],
            [
              75.68500191782195,
              30.831329880424242
            ],
            [
              75.68500383992513,
              30.83160056482862
            ],
            [
              75.68531751530986,
              30.831598905769702
            ],
            [
              75.68511160244154,
              30.83205115253207
            ],
            [
              75.68553047943628,
              30.832139168023907
            ],
            [
              75.68553240308418,
              30.832409852364464
            ],
            [
              75.68511352490738,
              30.83232183690006
            ],
            [
              75.68490632831623,
              30.83259362708605
            ],
            [
              75.68448680962484,
              30.83241538147226
            ],
            [
              75.68417505139111,
              30.832687722965
            ],
            [
              75.68417633131246,
              30.832868179229234
            ],
            [
              75.68449001087332,
              30.83286652211285
            ],
            [
              75.68491786029311,
              30.834217733056207
            ],
            [
              75.68481714260064,
              30.83475965445685
            ],
            [
              75.68513211008462,
              30.83493845186795
            ],
            [
              75.68514300597357,
              30.836472329111142
            ],
            [
              75.68451562345945,
              30.83647564609451
            ],
            [
              75.6845194657458,
              30.837017014516473
            ],
            [
              75.68525526260807,
              30.83755451261809
            ],
            [
              75.68536303350471,
              30.838005099584002
            ],
            [
              75.68640932954962,
              30.838089790520165
            ],
            [
              75.68641254051055,
              30.8385409305834
            ],
            [
              75.68662167242182,
              30.838539822130855
            ],
            [
              75.68661846048279,
              30.83808868208735
            ],
            [
              75.68735041865763,
              30.838084799913826
            ],
            [
              75.68735363402004,
              30.83853593988824
            ],
            [
              75.68798231690158,
              30.838713064917147
            ],
            [
              75.68798553529989,
              30.839164204787824
            ],
            [
              75.68694372546219,
              30.839711122706543
            ],
            [
              75.68652545657643,
              30.83971334038947
            ],
            [
              75.6863124693328,
              30.839173080732053
            ],
            [
              75.68495310268871,
              30.839180276526314
            ],
            [
              75.68465477682041,
              30.84134740752022
            ],
            [
              75.68507433499833,
              30.841525651761806
            ],
            [
              75.68486583737322,
              30.841616985808624
            ],
            [
              75.68486904156171,
              30.84206812577191
            ],
            [
              75.6852950158493,
              30.843148648974136
            ],
            [
              75.68466758992119,
              30.84315196733775
            ],
            [
              75.68467143407675,
              30.843693335183932
            ],
            [
              75.68519621554348,
              30.843961253909338
            ],
            [
              75.68550928962759,
              30.843869365836333
            ],
            [
              75.68551121410981,
              30.8441400496874
            ],
            [
              75.6860340743225,
              30.844137281110296
            ],
            [
              75.68613993053305,
              30.84431718301233
            ],
            [
              75.68645364720429,
              30.8443155205879
            ],
            [
              75.68645172006303,
              30.84404483679768
            ],
            [
              75.686660863909,
              30.844043728104452
            ],
            [
              75.68666471939166,
              30.844585095649784
            ],
            [
              75.68551442163803,
              30.844591189413762
            ],
            [
              75.68415241744651,
              30.844237466083857
            ],
            [
              75.68394391310554,
              30.844328798708766
            ],
            [
              75.68394967355175,
              30.845140850436128
            ],
            [
              75.68363851312988,
              30.845503418704553
            ],
            [
              75.68405936809532,
              30.845862121789814
            ],
            [
              75.68458223780549,
              30.845859358935456
            ],
            [
              75.6844795856069,
              30.846130595501467
            ],
            [
              75.68416586290016,
              30.846132253231776
            ],
            [
              75.68406448965568,
              30.846583945364056
            ],
            [
              75.6846957828102,
              30.847121997147674
            ],
            [
              75.6847015502265,
              30.84793404839671
            ],
            [
              75.6843884622108,
              30.84802593466773
            ],
            [
              75.68470731787684,
              30.848746099542844
            ],
            [
              75.68501527876114,
              30.847932389281883
            ],
            [
              75.6854335834335,
              30.847930175946694
            ],
            [
              75.6856453026465,
              30.848289980334812
            ],
            [
              75.68564081061207,
              30.8476583850874
            ],
            [
              75.68669042527486,
              30.84819421144989
            ],
            [
              75.6866917106907,
              30.848374667186523
            ],
            [
              75.68627276188215,
              30.848286656738466
            ],
            [
              75.68617075424778,
              30.848648122384848
            ],
            [
              75.68575244652493,
              30.848650338147287
            ],
            [
              75.68544256502553,
              30.849193366381055
            ],
            [
              75.68575629760959,
              30.84919170541035
            ],
            [
              75.68596930501441,
              30.849731964868017
            ],
            [
              75.6852372582079,
              30.849735840549087
            ],
            [
              75.68502938433409,
              30.849917402883086
            ],
            [
              75.68503451398023,
              30.850639225858327
            ],
            [
              75.68440703926933,
              30.850642543682252
            ],
            [
              75.68420556642948,
              30.851726383447303
            ],
            [
              75.68504220879633,
              30.85172196016875
            ],
            [
              75.68483689461159,
              30.852264433605292
            ],
            [
              75.68525650103388,
              30.852442676245097
            ],
            [
              75.68494532256845,
              30.85280524752521
            ],
            [
              75.68494916975348,
              30.853346614532146
            ],
            [
              75.68442818163545,
              30.85362006298527
            ],
            [
              75.6846411919231,
              30.854160324225642
            ],
            [
              75.6839065502914,
              30.853803281531277
            ],
            [
              75.68401305388925,
              30.854073412645516
            ],
            [
              75.68359664231691,
              30.85434630531936
            ],
            [
              75.68370826634973,
              30.85533825932125
            ],
            [
              75.68339643304203,
              30.855610599117277
            ],
            [
              75.68402522102826,
              30.85578774134227
            ],
            [
              75.68371338720245,
              30.856060081891172
            ],
            [
              75.68362096308583,
              30.857774962408058
            ],
            [
              75.68341050956043,
              30.857595611034707
            ],
            [
              75.68309738904841,
              30.85768749453263
            ],
            [
              75.68309547031346,
              30.857416811111698
            ],
            [
              75.68246795122404,
              30.857420120192
            ],
            [
              75.68247114619288,
              30.857871259279403
            ],
            [
              75.68215802384938,
              30.857963140528224
            ],
            [
              75.68215993999273,
              30.85823382397926
            ],
            [
              75.68184490089541,
              30.85805502102731
            ],
            [
              75.68184681616621,
              30.85832570449218
            ],
            [
              75.68152667239552,
              30.85742507811096
            ],
            [
              75.68132387853079,
              30.858328457300214
            ],
            [
              75.68101011591502,
              30.858330107971405
            ],
            [
              75.68100629009889,
              30.857788740936243
            ],
            [
              75.6805885794913,
              30.857881168451815
            ],
            [
              75.68059495202138,
              30.858783446883912
            ],
            [
              75.68080604050606,
              30.85905303067022
            ],
            [
              75.6806006875441,
              30.859595497364147
            ],
            [
              75.68081114037255,
              30.85977485326261
            ],
            [
              75.68039342099313,
              30.85986728025054
            ],
            [
              75.68029392792373,
              30.860589652410894
            ],
            [
              75.68092274318025,
              30.860766809171224
            ],
            [
              75.68060897259885,
              30.860768458987256
            ],
            [
              75.68050756859851,
              30.86122014779538
            ],
            [
              75.68008665841482,
              30.86086143480911
            ],
            [
              75.68009111639208,
              30.861493029499844
            ],
            [
              75.67957007051282,
              30.861766458919018
            ],
            [
              75.67958088943709,
              30.86330033158145
            ],
            [
              75.67999989811413,
              30.86338836260251
            ],
            [
              75.67999416679368,
              30.862576312496973
            ],
            [
              75.68020271414075,
              30.8624849858477
            ],
            [
              75.68031431438847,
              30.863476941914296
            ],
            [
              75.68073459950078,
              30.863745426070427
            ],
            [
              75.68157134682373,
              30.86374102367882
            ],
            [
              75.68167785545337,
              30.864011156236145
            ],
            [
              75.68209623020954,
              30.864008952651172
            ],
            [
              75.68220210170328,
              30.86418885700873
            ],
            [
              75.68010831276503,
              30.86392917986661
            ],
            [
              75.68012360018712,
              30.866094646081653
            ],
            [
              75.68054262153008,
              30.866182675121348
            ],
            [
              75.6805458085912,
              30.86663381377855
            ],
            [
              75.6800215518678,
              30.86645610651679
            ],
            [
              75.68002346265247,
              30.866726789732823
            ],
            [
              75.6795011156653,
              30.86681976359293
            ],
            [
              75.67961016833077,
              30.867450808709208
            ],
            [
              75.67866879094686,
              30.867455747292436
            ],
            [
              75.6785667358049,
              30.867817206607008
            ],
            [
              75.67888116536699,
              30.86790578914555
            ],
            [
              75.67878228964703,
              30.868718387274974
            ],
            [
              75.6785724562814,
              30.868629256295247
            ],
            [
              75.67846213790878,
              30.867817754839276
            ],
            [
              75.67762535463673,
              30.867822137655395
            ],
            [
              75.6774142552487,
              30.867552549197818
            ],
            [
              75.67835499843395,
              30.867457391965843
            ],
            [
              75.67845578307552,
              30.866915477267664
            ],
            [
              75.67908209242437,
              30.866731731217428
            ],
            [
              75.67834800933663,
              30.866464886552738
            ],
            [
              75.67822880270951,
              30.864390195454053
            ],
            [
              75.67760187217702,
              30.864483709428917
            ],
            [
              75.67740156563053,
              30.865747993461596
            ],
            [
              75.67697874456078,
              30.865118587304284
            ],
            [
              75.67645640308162,
              30.865211548816543
            ],
            [
              75.67666876208206,
              30.86566159467928
            ],
            [
              75.676041821636,
              30.865755101224725
            ],
            [
              75.67602979175,
              30.86404077232414
            ],
            [
              75.67550555720203,
              30.86386304637258
            ],
            [
              75.67529763473316,
              30.864044593408313
            ],
            [
              75.67529573742834,
              30.863773909814984
            ],
            [
              75.6747727695141,
              30.86377663659705
            ],
            [
              75.67487989128114,
              30.864137002895887
            ],
            [
              75.67466943961452,
              30.863957637453435
            ],
            [
              75.67414710199596,
              30.864050589604748
            ],
            [
              75.67383142708908,
              30.863781539482012
            ],
            [
              75.67341431394529,
              30.863964172145245
            ],
            [
              75.6726808971456,
              30.863787522603264
            ],
            [
              75.6724855658337,
              30.865773623247847
            ],
            [
              75.67175339511344,
              30.865777424480545
            ],
            [
              75.67154105865235,
              30.86532737023032
            ],
            [
              75.67018131895323,
              30.86533441635592
            ],
            [
              75.6696508159402,
              30.864254387121097
            ],
            [
              75.66818649660128,
              30.864261953049525
            ],
            [
              75.66829922757579,
              30.865434376929617
            ],
            [
              75.66892680069708,
              30.86543113575979
            ],
            [
              75.66850967086432,
              30.865613752813122
            ],
            [
              75.66872011493643,
              30.865793128338193
            ],
            [
              75.66851405378212,
              30.866245348547263
            ],
            [
              75.66903766240176,
              30.866332874799518
            ],
            [
              75.66924372126093,
              30.865880653796076
            ],
            [
              75.6696621052103,
              30.865878490273897
            ],
            [
              75.66987568905841,
              30.86650900353826
            ],
            [
              75.67301295727407,
              30.866402500682838
            ],
            [
              75.67300980551725,
              30.86595136130631
            ],
            [
              75.6737413463417,
              30.865857325083375
            ],
            [
              75.67342566652881,
              30.865588274115932
            ],
            [
              75.67352900047364,
              30.865407274237807
            ],
            [
              75.67457432240691,
              30.865311600493644
            ],
            [
              75.67458190413429,
              30.866394334702093
            ],
            [
              75.67520948269903,
              30.866391062986494
            ],
            [
              75.67521137995806,
              30.866661746475106
            ],
            [
              75.6767803303284,
              30.86665355379044
            ],
            [
              75.67688365902032,
              30.86647255133986
            ],
            [
              75.67730521680413,
              30.866921502031232
            ],
            [
              75.67730902320483,
              30.86746286871804
            ],
            [
              75.67542626707204,
              30.867472705577914
            ],
            [
              75.67479678532843,
              30.8672052949696
            ],
            [
              75.67406460407558,
              30.867209109431602
            ],
            [
              75.67405829058214,
              30.86630683095469
            ],
            [
              75.67332737735104,
              30.86649109687333
            ],
            [
              75.67322719475162,
              30.867123235889323
            ],
            [
              75.67176157447497,
              30.866950387128004
            ],
            [
              75.67166012291925,
              30.867402069280637
            ],
            [
              75.6696727681399,
              30.867412365095824
            ],
            [
              75.66914601932866,
              30.866873701850835
            ],
            [
              75.66914351235742,
              30.86651279009209
            ],
            [
              75.66882909585841,
              30.866424183684778
            ],
            [
              75.66862178141525,
              30.866695948139615
            ],
            [
              75.66820339382673,
              30.866698108351134
            ],
            [
              75.6685228200326,
              30.867508539828783
            ],
            [
              75.66810442890649,
              30.867510699771458
            ],
            [
              75.66810192577431,
              30.867149787971417
            ],
            [
              75.66768603773524,
              30.867512858362122
            ],
            [
              75.66758894372528,
              30.868596133191915
            ],
            [
              75.66664567947963,
              30.86833030064121
            ],
            [
              75.66643897906697,
              30.868692289630737
            ],
            [
              75.66612143800319,
              30.868152536891934
            ],
            [
              75.66570366743191,
              30.868244917096142
            ],
            [
              75.66570179676995,
              30.86797423314622
            ],
            [
              75.6663300109086,
              30.868061232302
            ],
            [
              75.66622354036993,
              30.86779108672257
            ],
            [
              75.66559595152881,
              30.86779431500991
            ],
            [
              75.66590725102427,
              30.867431789300642
            ],
            [
              75.66569618493584,
              30.86716218122791
            ],
            [
              75.66559345776653,
              30.867433403041094
            ],
            [
              75.66527904134381,
              30.86734478801992
            ],
            [
              75.66549260008088,
              30.86797530874264
            ],
            [
              75.66433890674365,
              30.867530078414823
            ],
            [
              75.66308311079506,
              30.86744628558636
            ],
            [
              75.66246296995696,
              30.868532235150134
            ],
            [
              75.66204457386897,
              30.868534375572306
            ],
            [
              75.66204271346749,
              30.86826369143348
            ],
            [
              75.66172953709093,
              30.86835552389893
            ],
            [
              75.66172767758785,
              30.86808483973536
            ],
            [
              75.66141388193675,
              30.868086443375617
            ],
            [
              75.66162803698737,
              30.868807198792624
            ],
            [
              75.66078876637567,
              30.868450560658534
            ],
            [
              75.66089707973363,
              30.86899139507217
            ],
            [
              75.66016240929606,
              30.86863421881806
            ],
            [
              75.65985108411296,
              30.868996731011627
            ]
          ]
        ]
      }
    },
    {
      "type": "Feature",
      "properties": {
        "id": "zone-2",
        "name": "Zone 2",
        "crop": "Wheat (assumed, Rabi)",
        "tier": "high",
        "season_score": 18.68,
        "stress_class": "Non-water stress (cause undetermined)",
        "mean_ndvi": 0.5425,
        "mean_ndre": 0.3845,
        "mean_ndmi": 0.1973,
        "ndvi_series": {
          "2025-01-26": 0.5295,
          "2025-01-31": 0.2642,
          "2025-02-05": 0.5716,
          "2025-03-02": 0.637,
          "2025-03-07": 0.5953,
          "2025-03-12": 0.5949,
          "2025-03-17": 0.5991,
          "2025-03-22": 0.5727,
          "2025-03-27": 0.5182
        },
        "valid_frac": {
          "2025-01-26": 1.0,
          "2025-01-31": 1.0,
          "2025-02-05": 1.0,
          "2025-03-02": 1.0,
          "2025-03-07": 0.582,
          "2025-03-12": 0.8548,
          "2025-03-17": 1.0,
          "2025-03-22": 1.0,
          "2025-03-27": 1.0
        },
        "shortfall_pct": 19.48,
        "advisory_text": "Scout for sowing date, nutrient or soil issues (field verification suggested).",
        "advisory_evidence": "NDVI 0.52 (zone) vs 0.64 (top-90% benchmark)",
        "low_confidence": false,
        "hectares": 1263.5,
        "crop_hectares": 1166.2,
        "masked_noncrop_ha": 97.3,
        "masked_noncrop_pct": 7.7,
        "source": "pipeline/yield_risk.py (data-driven SLIC clustering)"
      },
      "geometry": {
        "type": "Polygon",
        "coordinates": [
          [
            [
              75.72253350754492,
              30.900242702835026
            ],
            [
              75.71991095118108,
              30.89935502002458
            ],
            [
              75.7199001489834,
              30.89791139568216
            ],
            [
              75.72126033445083,
              30.89790382021793
            ],
            [
              75.72127318637895,
              30.899618123576573
            ],
            [
              75.72200696104487,
              30.89979449121191
            ],
            [
              75.72179566688312,
              30.89952497946173
            ],
            [
              75.7217814519477,
              30.897630223282327
            ],
            [
              75.72125762892198,
              30.89754291418915
            ],
            [
              75.72125627617584,
              30.89736246116711
            ],
            [
              75.71979079428088,
              30.897280392051226
            ],
            [
              75.71978741935081,
              30.89682925932249
            ],
            [
              75.7207283998409,
              30.896733790747227
            ],
            [
              75.72104025649797,
              30.89646136230084
            ],
            [
              75.72061904122164,
              30.896102787766257
            ],
            [
              75.71988732238532,
              30.896197091352306
            ],
            [
              75.71998857446266,
              30.895745376386802
            ],
            [
              75.721244778326,
              30.895828610274243
            ],
            [
              75.72113879851499,
              30.895648740387614
            ],
            [
              75.72082559287584,
              30.89574071597552
            ],
            [
              75.7207182623104,
              30.89538039263055
            ],
            [
              75.72103011469054,
              30.895107964220152
            ],
            [
              75.72061093257534,
              30.89502006916405
            ],
            [
              75.72102673424041,
              30.894656831462946
            ],
            [
              75.72092075617,
              30.894476961338803
            ],
            [
              75.72071218012105,
              30.894568353623086
            ],
            [
              75.72071015277943,
              30.89429767393102
            ],
            [
              75.72112662715647,
              30.89402466248754
            ],
            [
              75.72039289822573,
              30.89384828898983
            ],
            [
              75.7208093716061,
              30.893575278565073
            ],
            [
              75.72122922381365,
              30.89375339965719
            ],
            [
              75.72133114357125,
              30.893391910177666
            ],
            [
              75.72091196871045,
              30.893304015961103
            ],
            [
              75.72070407091904,
              30.893485634786078
            ],
            [
              75.72017892091803,
              30.893217867726737
            ],
            [
              75.720595392229,
              30.892944857997517
            ],
            [
              75.7207978826016,
              30.89204142662245
            ],
            [
              75.72048333728117,
              30.891952948053742
            ],
            [
              75.72048671482244,
              30.89240408105367
            ],
            [
              75.7200695703729,
              30.892586863822082
            ],
            [
              75.71964972536816,
              30.892408738821967
            ],
            [
              75.71860416202873,
              30.892504780053475
            ],
            [
              75.71839289371913,
              30.89223526204583
            ],
            [
              75.71849280180137,
              30.891603094638196
            ],
            [
              75.71807296393841,
              30.891424964382328
            ],
            [
              75.71786035349538,
              30.890974992067385
            ],
            [
              75.71796362944924,
              30.890793958277143
            ],
            [
              75.71900984907062,
              30.890788149125697
            ],
            [
              75.71912256146955,
              30.891870287413127
            ],
            [
              75.72027341561359,
              30.891863886374637
            ],
            [
              75.72027206501674,
              30.891683433154927
            ],
            [
              75.72069055655692,
              30.891681102983778
            ],
            [
              75.7213142361743,
              30.89113624562434
            ],
            [
              75.72109890719227,
              30.890325372397886
            ],
            [
              75.72067974594431,
              30.890237477175376
            ],
            [
              75.7205697204034,
              30.88951624676892
            ],
            [
              75.72056634285893,
              30.889065113575718
            ],
            [
              75.72108876702173,
              30.888971973050047
            ],
            [
              75.72108471114547,
              30.88843061323072
            ],
            [
              75.72129327364769,
              30.888339220473473
            ],
            [
              75.72087276939408,
              30.888070872424585
            ],
            [
              75.72128177931202,
              30.88680536745211
            ],
            [
              75.7200236685902,
              30.886451451906765
            ],
            [
              75.7200196191083,
              30.885910091749356
            ],
            [
              75.71970576922952,
              30.88591183758483
            ],
            [
              75.71960452519698,
              30.886363552869945
            ],
            [
              75.71918673081329,
              30.886456105876142
            ],
            [
              75.71918807909623,
              30.886636559284874
            ],
            [
              75.71814325097495,
              30.88682282262238
            ],
            [
              75.71772747145947,
              30.88718605113585
            ],
            [
              75.71773016264403,
              30.887546958023147
            ],
            [
              75.71731034399251,
              30.88736882488437
            ],
            [
              75.71730496485792,
              30.886647011003053
            ],
            [
              75.71782468793322,
              30.88619297683065
            ],
            [
              75.71771536172935,
              30.88556196989108
            ],
            [
              75.7180298836359,
              30.885650455640672
            ],
            [
              75.71834103949534,
              30.88528780693797
            ],
            [
              75.71855161848481,
              30.885467098826272
            ],
            [
              75.71928258322869,
              30.88528257717205
            ],
            [
              75.71970374541199,
              30.88564115747032
            ],
            [
              75.71970172162185,
              30.885370477344345
            ],
            [
              75.72001421996944,
              30.885188278134862
            ],
            [
              75.72000679647138,
              30.884195784281978
            ],
            [
              75.71937708510072,
              30.883928594750373
            ],
            [
              75.71937371389161,
              30.883477461048813
            ],
            [
              75.71968688133013,
              30.883385489403985
            ],
            [
              75.71968553228568,
              30.883205035924327
            ],
            [
              75.71947697922467,
              30.883296426012347
            ],
            [
              75.718950541075,
              30.882848199114132
            ],
            [
              75.71925898819605,
              30.88212464118878
            ],
            [
              75.71988801265881,
              30.882301604809438
            ],
            [
              75.71988531394382,
              30.881940697800484
            ],
            [
              75.71914965779514,
              30.881493635141574
            ],
            [
              75.71946281904525,
              30.88140166410839
            ],
            [
              75.71914426612175,
              30.88077182089588
            ],
            [
              75.71913820072153,
              30.879959779772122
            ],
            [
              75.71892830664076,
              30.879870715319193
            ],
            [
              75.71913213556739,
              30.87914773854531
            ],
            [
              75.71870763698644,
              30.878338021426632
            ],
            [
              75.71839381169994,
              30.87833976369744
            ],
            [
              75.71872178058871,
              30.880232784542965
            ],
            [
              75.7181980550933,
              30.880145461309155
            ],
            [
              75.7181933438621,
              30.879513873584873
            ],
            [
              75.71787884198095,
              30.879425387839124
            ],
            [
              75.71788758766672,
              30.88059833651736
            ],
            [
              75.71757375495672,
              30.88060007691408
            ],
            [
              75.7175616509747,
              30.878975993960175
            ],
            [
              75.71714119831692,
              30.878707632599944
            ],
            [
              75.71681931128353,
              30.877626648674187
            ],
            [
              75.71650347402694,
              30.87735770567923
            ],
            [
              75.71650011715667,
              30.87690657123464
            ],
            [
              75.71775405489889,
              30.87671916250444
            ],
            [
              75.7180665292933,
              30.876536968136705
            ],
            [
              75.71806383802031,
              30.876176060661486
            ],
            [
              75.71743485698025,
              30.87599908733197
            ],
            [
              75.71743149592731,
              30.8755479528847
            ],
            [
              75.71680386333621,
              30.875551430195646
            ],
            [
              75.7168072214494,
              30.87600256470476
            ],
            [
              75.71607363797652,
              30.875826163965076
            ],
            [
              75.71627345390046,
              30.87456182948508
            ],
            [
              75.71700501269747,
              30.87446754852793
            ],
            [
              75.71742074106699,
              30.874104322439706
            ],
            [
              75.71720951748893,
              30.873834801058415
            ],
            [
              75.71605753633052,
              30.87366071762426
            ],
            [
              75.71636933306506,
              30.873388300428275
            ],
            [
              75.71646923749975,
              30.872756132852107
            ],
            [
              75.71720279814558,
              30.872932531785498
            ],
            [
              75.71719876668496,
              30.872391170160682
            ],
            [
              75.71761717465844,
              30.872388851227786
            ],
            [
              75.7176084351066,
              30.87121590099081
            ],
            [
              75.71698015910583,
              30.87112915175967
            ],
            [
              75.71697612918426,
              30.87058778995747
            ],
            [
              75.71718532927035,
              30.87058663108055
            ],
            [
              75.71728388198582,
              30.869774008781803
            ],
            [
              75.71770429550548,
              30.87004237064796
            ],
            [
              75.71801674859718,
              30.86986017655002
            ],
            [
              75.71728321007619,
              30.869683781805055
            ],
            [
              75.71727917868198,
              30.869142419917814
            ],
            [
              75.71748770353074,
              30.869051033618312
            ],
            [
              75.71716920597184,
              30.86842118351269
            ],
            [
              75.71769084986975,
              30.86823783111252
            ],
            [
              75.71768614418363,
              30.867606242154903
            ],
            [
              75.718003969746,
              30.86814586407271
            ],
            [
              75.71810520395191,
              30.8676941489587
            ],
            [
              75.7191491517806,
              30.867417661648503
            ],
            [
              75.71914713100772,
              30.867146980726677
            ],
            [
              75.7186254958691,
              30.867330338890657
            ],
            [
              75.71862280348246,
              30.86696943094593
            ],
            [
              75.71809847785244,
              30.866791879006374
            ],
            [
              75.71809713266893,
              30.86661142500065
            ],
            [
              75.71893457156703,
              30.866697007742005
            ],
            [
              75.71944609514362,
              30.865160243556126
            ],
            [
              75.72038541781478,
              30.8648843278689
            ],
            [
              75.72048731247777,
              30.864522837881196
            ],
            [
              75.72069649923202,
              30.864521673535272
            ],
            [
              75.72069379938678,
              30.86416076559828
            ],
            [
              75.72037934576616,
              30.86407228497194
            ],
            [
              75.72152581305183,
              30.863524516078755
            ],
            [
              75.7216270262843,
              30.86307279822487
            ],
            [
              75.72183620983773,
              30.863071632086594
            ],
            [
              75.72173026627262,
              30.86289176123277
            ],
            [
              75.72246173068807,
              30.86279745073806
            ],
            [
              75.72266888330824,
              30.862525602355422
            ],
            [
              75.72319387084445,
              30.86279336308827
            ],
            [
              75.72371615025948,
              30.86270021385764
            ],
            [
              75.72381192986651,
              30.86152667875858
            ],
            [
              75.72433352350076,
              30.86134330018094
            ],
            [
              75.72422689910252,
              30.86107320440773
            ],
            [
              75.7248625817852,
              30.862152415853426
            ],
            [
              75.72528026538866,
              30.862059845922474
            ],
            [
              75.72527619028035,
              30.861518484351837
            ],
            [
              75.72569251160057,
              30.861245459274105
            ],
            [
              75.72558656298283,
              30.861065591607453
            ],
            [
              75.72590033149712,
              30.86106383277997
            ],
            [
              75.7259023707541,
              30.86133451355256
            ],
            [
              75.7262168201743,
              30.8614229808614
            ],
            [
              75.7267390890074,
              30.861329819578895
            ],
            [
              75.72684640135263,
              30.861690140055853
            ],
            [
              75.72632209020863,
              30.861512621066876
            ],
            [
              75.72632617119227,
              30.86205398251235
            ],
            [
              75.7268484433179,
              30.86196082074537
            ],
            [
              75.7268511659812,
              30.862321728313564
            ],
            [
              75.72726952933054,
              30.862319378869447
            ],
            [
              75.72727293468722,
              30.862770513259278
            ],
            [
              75.72758739001021,
              30.86285897712566
            ],
            [
              75.72728042674213,
              30.86376300880494
            ],
            [
              75.72749233679126,
              30.864122740925357
            ],
            [
              75.72780543351514,
              30.864030750476992
            ],
            [
              75.72759420392246,
              30.863761245734462
            ],
            [
              75.72811648393352,
              30.863668078749264
            ],
            [
              75.72906054541166,
              30.86402368848843
            ],
            [
              75.72979201034245,
              30.86392933656945
            ],
            [
              75.72979747819552,
              30.864651150992668
            ],
            [
              75.73032523263585,
              30.86527978935644
            ],
            [
              75.73168906575968,
              30.865813472061543
            ],
            [
              75.73221135254214,
              30.865720288471046
            ],
            [
              75.73221340990678,
              30.865990968667983
            ],
            [
              75.73263316106416,
              30.866169055086175
            ],
            [
              75.73284235082835,
              30.866167871059194
            ],
            [
              75.73283411441078,
              30.86508515038489
            ],
            [
              75.73199667911759,
              30.86499965751494
            ],
            [
              75.73272746196456,
              30.86481506221181
            ],
            [
              75.73293047096568,
              30.86400183743765
            ],
            [
              75.73314171584293,
              30.864271333217452
            ],
            [
              75.7335600870702,
              30.86426896331272
            ],
            [
              75.73356627026095,
              30.865081003805958
            ],
            [
              75.73314858215294,
              30.8651736005101
            ],
            [
              75.7331513287636,
              30.865534507391537
            ],
            [
              75.73346511130202,
              30.86553273000119
            ],
            [
              75.73336601206262,
              30.86625513621718
            ],
            [
              75.7339949567162,
              30.866432032939976
            ],
            [
              75.73409748915344,
              30.86616075979995
            ],
            [
              75.73493424778894,
              30.86615601220107
            ],
            [
              75.73514481450587,
              30.86633527779151
            ],
            [
              75.73555906092723,
              30.865791541301615
            ],
            [
              75.7363944366785,
              30.865606331007704
            ],
            [
              75.73660086549302,
              30.865244234325147
            ],
            [
              75.73775277889584,
              30.8654181361644
            ],
            [
              75.73785529966878,
              30.865146860192393
            ],
            [
              75.73754013718336,
              30.864968194932228
            ],
            [
              75.73827229136974,
              30.864964021754243
            ],
            [
              75.73868582238175,
              30.864330048897756
            ],
            [
              75.73910557774984,
              30.864508114298527
            ],
            [
              75.73952117907321,
              30.864144818684494
            ],
            [
              75.74014873416967,
              30.864141232411452
            ],
            [
              75.7397296713372,
              30.8640533969939
            ],
            [
              75.73983218513992,
              30.863782119512255
            ],
            [
              75.73993816320011,
              30.863961974972582
            ],
            [
              75.74046112474649,
              30.863958984954508
            ],
            [
              75.74057265279687,
              30.864860652524623
            ],
            [
              75.74141009329392,
              30.864946089814918
            ],
            [
              75.74140592708648,
              30.86440473044375
            ],
            [
              75.74223919341932,
              30.86394880309441
            ],
            [
              75.74202653430342,
              30.863498869415388
            ],
            [
              75.74161094533622,
              30.863862172911656
            ],
            [
              75.74160747269737,
              30.863411040050465
            ],
            [
              75.74265060736361,
              30.8630441382861
            ],
            [
              75.74223154721939,
              30.862956310912512
            ],
            [
              75.74212209116608,
              30.862325324468824
            ],
            [
              75.7418083196859,
              30.86232712267323
            ],
            [
              75.74191916329458,
              30.863138562563375
            ],
            [
              75.74129230919881,
              30.863232383898232
            ],
            [
              75.74118980008423,
              30.863503662483392
            ],
            [
              75.73940758446065,
              30.862972470064296
            ],
            [
              75.73762953266679,
              30.862982612749043
            ],
            [
              75.73752079730194,
              30.862441848606228
            ],
            [
              75.73783387850138,
              30.862349834119797
            ],
            [
              75.73782420540697,
              30.86108666065386
            ],
            [
              75.7380340750034,
              30.86117569509537
            ],
            [
              75.73845174082619,
              30.861083082924175
            ],
            [
              75.73792672163103,
              30.860815384522255
            ],
            [
              75.73761364547985,
              30.86090739917349
            ],
            [
              75.73750698459543,
              30.860637314905325
            ],
            [
              75.73886940581886,
              30.860990469417104
            ],
            [
              75.73918109661929,
              30.860717998422615
            ],
            [
              75.73959945184906,
              30.860715609248693
            ],
            [
              75.73991806833075,
              30.861345402983765
            ],
            [
              75.74023183674846,
              30.861343609411435
            ],
            [
              75.74033434641011,
              30.86107233148855
            ],
            [
              75.7409632690882,
              30.861249194834524
            ],
            [
              75.74106369475973,
              30.860707236496285
            ],
            [
              75.74095633067162,
              30.86034692858337
            ],
            [
              75.74064187202008,
              30.860258497220947
            ],
            [
              75.7406384044134,
              30.859807364009338
            ],
            [
              75.74095216777181,
              30.859805568771584
            ],
            [
              75.74085035485119,
              30.860167073823437
            ],
            [
              75.74106022511661,
              30.860256103359074
            ],
            [
              75.74116064932693,
              30.859714144888557
            ],
            [
              75.74094939256781,
              30.859444662204936
            ],
            [
              75.74167942079353,
              30.859169790526412
            ],
            [
              75.74167803185837,
              30.858989337257647
            ],
            [
              75.74105189829218,
              30.85917338369996
            ],
            [
              75.74104912278413,
              30.858812477106195
            ],
            [
              75.74136080039467,
              30.85854000098558
            ],
            [
              75.74188373234662,
              30.858537005693034
            ],
            [
              75.74209012576885,
              30.858174900440584
            ],
            [
              75.74344974330488,
              30.85816710071226
            ],
            [
              75.74365682631127,
              30.85789521966169
            ],
            [
              75.74438892574192,
              30.857891012757804
            ],
            [
              75.7444907231065,
              30.85752950505042
            ],
            [
              75.74490976144104,
              30.85761732553269
            ],
            [
              75.74501574185891,
              30.85779717696288
            ],
            [
              75.7448072682046,
              30.85788860695452
            ],
            [
              75.74533089406724,
              30.85797582437549
            ],
            [
              75.74543896956904,
              30.85842635513678
            ],
            [
              75.7457520298263,
              30.858334321777964
            ],
            [
              75.74596469428353,
              30.85878424959643
            ],
            [
              75.74617386738485,
              30.858783044286906
            ],
            [
              75.74596609123452,
              30.858964702695005
            ],
            [
              75.74617875813911,
              30.859414630079613
            ],
            [
              75.74690807121495,
              30.85904950263093
            ],
            [
              75.74691296683287,
              30.85968108829175
            ],
            [
              75.74670519020219,
              30.859862747869816
            ],
            [
              75.74607696529904,
              30.859776138939445
            ],
            [
              75.74618434776151,
              30.860136442337748
            ],
            [
              75.74670868621912,
              30.86031388045524
            ],
            [
              75.74733691514002,
              30.86040048624689
            ],
            [
              75.74754329171847,
              30.860038372671912
            ],
            [
              75.74785775561647,
              30.860126787183134
            ],
            [
              75.74795954208619,
              30.859765277045085
            ],
            [
              75.74827330478468,
              30.859763464068557
            ],
            [
              75.74858987129898,
              30.86012255625305
            ],
            [
              75.74869305711671,
              30.859941498542796
            ],
            [
              75.74911210952206,
              30.860029305158346
            ],
            [
              75.74952695162864,
              30.85957575163058
            ],
            [
              75.75036435276316,
              30.859661131683325
            ],
            [
              75.75015869009705,
              30.860113476036556
            ],
            [
              75.75047315650261,
              30.860201884150896
            ],
            [
              75.75078407410307,
              30.9000818452328
            ],
            [
              75.72253350754492,
              30.900242702835026
            ]
          ]
        ]
      }
    },
    {
      "type": "Feature",
      "properties": {
        "id": "zone-3",
        "name": "Zone 3",
        "crop": "Wheat (assumed, Rabi)",
        "tier": "medium",
        "season_score": 16.05,
        "stress_class": "Non-water stress (cause undetermined)",
        "mean_ndvi": 0.5529,
        "mean_ndre": 0.3947,
        "mean_ndmi": 0.2164,
        "ndvi_series": {
          "2025-01-26": 0.5657,
          "2025-01-31": 0.306,
          "2025-02-05": 0.6114,
          "2025-03-02": 0.6571,
          "2025-03-07": 0.6116,
          "2025-03-12": 0.5021,
          "2025-03-17": 0.6009,
          "2025-03-22": 0.5828,
          "2025-03-27": 0.5385
        },
        "valid_frac": {
          "2025-01-26": 1.0,
          "2025-01-31": 1.0,
          "2025-02-05": 1.0,
          "2025-03-02": 1.0,
          "2025-03-07": 1.0,
          "2025-03-12": 0.0946,
          "2025-03-17": 1.0,
          "2025-03-22": 1.0,
          "2025-03-27": 1.0
        },
        "shortfall_pct": 16.32,
        "advisory_text": "Monitor canopy development. Early variance from top benchmark.",
        "advisory_evidence": "NDVI 0.54 (zone) vs 0.64 (top-90% benchmark)",
        "low_confidence": true,
        "hectares": 1243.2,
        "crop_hectares": 1155.7,
        "masked_noncrop_ha": 87.5,
        "masked_noncrop_pct": 7.0,
        "source": "pipeline/yield_risk.py (data-driven SLIC clustering)"
      },
      "geometry": {
        "type": "Polygon",
        "coordinates": [
          [
            [
              75.70150646134519,
              30.87220647225382
            ],
            [
              75.70014663308208,
              30.87221383456438
            ],
            [
              75.70003940761454,
              30.87185349117763
            ],
            [
              75.69962362207855,
              30.872216662419135
            ],
            [
              75.69920521322256,
              30.872218923181663
            ],
            [
              75.69920062801282,
              30.871587332083926
            ],
            [
              75.6996203449545,
              30.871765525967312
            ],
            [
              75.69961903412555,
              30.871585071377666
            ],
            [
              75.70003678438908,
              30.87149258203055
            ],
            [
              75.69878091260327,
              30.871409136811103
            ],
            [
              75.69866976616072,
              30.870507428203574
            ],
            [
              75.69835596502782,
              30.870509121505908
            ],
            [
              75.69836250717985,
              30.87141139479688
            ],
            [
              75.69752569619149,
              30.87141590671186
            ],
            [
              75.69741848143543,
              30.871055560947585
            ],
            [
              75.6973177999213,
              30.87159748852853
            ],
            [
              75.69700399514655,
              30.871599178607145
            ],
            [
              75.69678826443322,
              30.870698031337376
            ],
            [
              75.69752046871636,
              30.870694087960864
            ],
            [
              75.69710076023094,
              30.870515887109423
            ],
            [
              75.69699093649116,
              30.86979463142754
            ],
            [
              75.69689155939021,
              30.870517013526875
            ],
            [
              75.69532320407076,
              30.870615678275787
            ],
            [
              75.69533036923411,
              30.871608179513824
            ],
            [
              75.69480866279766,
              30.87179144263424
            ],
            [
              75.69438960484227,
              30.871703460411762
            ],
            [
              75.69449160417653,
              30.871341989665424
            ],
            [
              75.69344623992782,
              30.87143782484193
            ],
            [
              75.69333644230184,
              30.870716565764372
            ],
            [
              75.6935443443403,
              30.870534990233175
            ],
            [
              75.69333514329996,
              30.87053611090399
            ],
            [
              75.69333254533132,
              30.87017520116799
            ],
            [
              75.69313503276382,
              30.871800415208405
            ],
            [
              75.69261202322451,
              30.87180321470087
            ],
            [
              75.69229562325215,
              30.87144398363771
            ],
            [
              75.69229951459018,
              30.871985348246774
            ],
            [
              75.69177715203085,
              30.872078371818915
            ],
            [
              75.69156665180147,
              30.871899034794108
            ],
            [
              75.69156794756002,
              30.87207948968401
            ],
            [
              75.69104493633188,
              30.87208228286774
            ],
            [
              75.69093709764222,
              30.87163170395703
            ],
            [
              75.69083508462528,
              30.871993172091404
            ],
            [
              75.69020617840266,
              30.87181606515272
            ],
            [
              75.69009705097767,
              30.871185030495635
            ],
            [
              75.68915628476587,
              30.871280273379213
            ],
            [
              75.68894579110537,
              30.87110093197093
            ],
            [
              75.68894837273189,
              30.871461841989827
            ],
            [
              75.6887391694753,
              30.871462955263404
            ],
            [
              75.6886319873918,
              30.87110260173076
            ],
            [
              75.68904781036558,
              30.870739465183995
            ],
            [
              75.68998857142863,
              30.870644223158425
            ],
            [
              75.69019906598147,
              30.870823562869383
            ],
            [
              75.69019130737873,
              30.86974083293032
            ],
            [
              75.69217805331131,
              30.86963999395393
            ],
            [
              75.69206956402779,
              30.86909918838181
            ],
            [
              75.69039403969003,
              30.86883744231641
            ],
            [
              75.69049217060316,
              30.867934609270606
            ],
            [
              75.68996918176124,
              30.867937397772273
            ],
            [
              75.68944877602483,
              30.86830109431865
            ],
            [
              75.68820584602875,
              30.870022096549075
            ],
            [
              75.68799277901356,
              30.869481843311323
            ],
            [
              75.6869487143803,
              30.869758080955222
            ],
            [
              75.6869532189223,
              30.870389673871404
            ],
            [
              75.68674015803752,
              30.869849418509503
            ],
            [
              75.68611191573413,
              30.869762518875305
            ],
            [
              75.6861093449088,
              30.869401608546372
            ],
            [
              75.68590335856125,
              30.869853855093236
            ],
            [
              75.68496067565984,
              30.86967838458238
            ],
            [
              75.68496580880539,
              30.8704002053628
            ],
            [
              75.68548945371515,
              30.870487664457507
            ],
            [
              75.68486377449427,
              30.8707616691743
            ],
            [
              75.68580518296977,
              30.87075668506571
            ],
            [
              75.68591556694685,
              30.871568178928694
            ],
            [
              75.6843465395081,
              30.871576483506878
            ],
            [
              75.68423937365264,
              30.871216126100265
            ],
            [
              75.68392492855418,
              30.87112755685557
            ],
            [
              75.68392172509935,
              30.870676418829824
            ],
            [
              75.68475853206915,
              30.870671994949635
            ],
            [
              75.68475275897875,
              30.869859946564837
            ],
            [
              75.68454355901704,
              30.869861053006524
            ],
            [
              75.68475147610157,
              30.869679491354226
            ],
            [
              75.68474377908142,
              30.868596759983863
            ],
            [
              75.68463533270729,
              30.86805594745378
            ],
            [
              75.68369395039558,
              30.868060922664846
            ],
            [
              75.68369266959317,
              30.867880467364078
            ],
            [
              75.68463405014168,
              30.867875492188404
            ],
            [
              75.68463212631495,
              30.86760480928081
            ],
            [
              75.68347771217924,
              30.867069523077408
            ],
            [
              75.68294960986256,
              30.866350461717552
            ],
            [
              75.68253314284095,
              30.866623351289096
            ],
            [
              75.68252994647472,
              30.866172212817986
            ],
            [
              75.68221679736828,
              30.866264094491157
            ],
            [
              75.6821192290606,
              30.867257150314472
            ],
            [
              75.68149164575303,
              30.86726045560828
            ],
            [
              75.68159177411532,
              30.866628311007524
            ],
            [
              75.68211411788225,
              30.866535328753844
            ],
            [
              75.6821115623622,
              30.86617441794304
            ],
            [
              75.68158794377368,
              30.86608694473252
            ],
            [
              75.68158283681267,
              30.86536512296134
            ],
            [
              75.6811631801946,
              30.865186869502867
            ],
            [
              75.68115871453743,
              30.864555275313748
            ],
            [
              75.68073778715338,
              30.86419656487963
            ],
            [
              75.68042591713538,
              30.86446889769965
            ],
            [
              75.68042273090876,
              30.864017758880163
            ],
            [
              75.68021354344441,
              30.864018858138003
            ],
            [
              75.68011149750825,
              30.864380318721775
            ],
            [
              75.68010831276503,
              30.86392917986661
            ],
            [
              75.68199291394497,
              30.86418995914702
            ],
            [
              75.68220146279589,
              30.864098629276864
            ],
            [
              75.68167785545337,
              30.864011156236145
            ],
            [
              75.68157134682373,
              30.86374102367882
            ],
            [
              75.68115361110178,
              30.86383345330709
            ],
            [
              75.68031431438847,
              30.863476941914296
            ],
            [
              75.68020271414075,
              30.8624849858477
            ],
            [
              75.67999416679368,
              30.862576312496973
            ],
            [
              75.67999989811413,
              30.86338836260251
            ],
            [
              75.67958088943709,
              30.86330033158145
            ],
            [
              75.67957007051282,
              30.861766458919018
            ],
            [
              75.68009111639208,
              30.861493029499844
            ],
            [
              75.67998270485036,
              30.860952211977125
            ],
            [
              75.68029583902987,
              30.860860335857108
            ],
            [
              75.6802983872116,
              30.861221247100946
            ],
            [
              75.68050756859851,
              30.86122014779538
            ],
            [
              75.68060897259885,
              30.860768458987256
            ],
            [
              75.68092274318025,
              30.860766809171224
            ],
            [
              75.68029392792373,
              30.860589652410894
            ],
            [
              75.68039342099313,
              30.85986728025054
            ],
            [
              75.68081114037255,
              30.85977485326261
            ],
            [
              75.6806006875441,
              30.859595497364147
            ],
            [
              75.68080731545544,
              30.85923348632594
            ],
            [
              75.6805885794913,
              30.857881168451815
            ],
            [
              75.68100629009889,
              30.857788740936243
            ],
            [
              75.68101011591502,
              30.858330107971405
            ],
            [
              75.68132387853079,
              30.858328457300214
            ],
            [
              75.68152667239552,
              30.85742507811096
            ],
            [
              75.68184681616621,
              30.85832570449218
            ],
            [
              75.68184490089541,
              30.85805502102731
            ],
            [
              75.68215993999273,
              30.85823382397926
            ],
            [
              75.68215802384938,
              30.857963140528224
            ],
            [
              75.68247114619288,
              30.857871259279403
            ],
            [
              75.68246795122404,
              30.857420120192
            ],
            [
              75.68309547031346,
              30.857416811111698
            ],
            [
              75.68309738904841,
              30.85768749453263
            ],
            [
              75.68341050956043,
              30.857595611034707
            ],
            [
              75.68362096308583,
              30.857774962408058
            ],
            [
              75.68371338720245,
              30.856060081891172
            ],
            [
              75.68402650184036,
              30.855968196967883
            ],
            [
              75.68402522102826,
              30.85578774134227
            ],
            [
              75.68339643304203,
              30.855610599117277
            ],
            [
              75.68370826634973,
              30.85533825932125
            ],
            [
              75.68359664231691,
              30.85434630531936
            ],
            [
              75.6839097515363,
              30.854254420735355
            ],
            [
              75.6839065502914,
              30.853803281531277
            ],
            [
              75.6846411919231,
              30.854160324225642
            ],
            [
              75.68442818163545,
              30.85362006298527
            ],
            [
              75.68494916975348,
              30.853346614532146
            ],
            [
              75.68494532256845,
              30.85280524752521
            ],
            [
              75.68525650103388,
              30.852442676245097
            ],
            [
              75.68483689461159,
              30.852264433605292
            ],
            [
              75.68504220879633,
              30.85172196016875
            ],
            [
              75.68420556642948,
              30.851726383447303
            ],
            [
              75.68440703926933,
              30.850642543682252
            ],
            [
              75.68503451398023,
              30.850639225858327
            ],
            [
              75.68502938433409,
              30.849917402883086
            ],
            [
              75.6852372582079,
              30.849735840549087
            ],
            [
              75.68596930501441,
              30.849731964868017
            ],
            [
              75.68575629760959,
              30.84919170541035
            ],
            [
              75.68544256502553,
              30.849193366381055
            ],
            [
              75.68575244652493,
              30.848650338147287
            ],
            [
              75.68617075424778,
              30.848648122384848
            ],
            [
              75.68627276188215,
              30.848286656738466
            ],
            [
              75.6866917106907,
              30.848374667186523
            ],
            [
              75.68669042527486,
              30.84819421144989
            ],
            [
              75.68564081061207,
              30.8476583850874
            ],
            [
              75.6856453026465,
              30.848289980334812
            ],
            [
              75.6854335834335,
              30.847930175946694
            ],
            [
              75.68501527876114,
              30.847932389281883
            ],
            [
              75.68470731787684,
              30.848746099542844
            ],
            [
              75.68460017777453,
              30.848385740814283
            ],
            [
              75.6843910244193,
              30.84838684631947
            ],
            [
              75.6843884622108,
              30.84802593466773
            ],
            [
              75.6847015502265,
              30.84793404839671
            ],
            [
              75.6846957828102,
              30.847121997147674
            ],
            [
              75.68406448965568,
              30.846583945364056
            ],
            [
              75.68416586290016,
              30.846132253231776
            ],
            [
              75.6844795856069,
              30.846130595501467
            ],
            [
              75.68458223780549,
              30.845859358935456
            ],
            [
              75.6838495802047,
              30.845772998384138
            ],
            [
              75.6836372335745,
              30.84532296277241
            ],
            [
              75.6838470202881,
              30.84541208654572
            ],
            [
              75.68394391310554,
              30.844328798708766
            ],
            [
              75.68415241744651,
              30.844237466083857
            ],
            [
              75.68551442163803,
              30.844591189413762
            ],
            [
              75.68666471939166,
              30.844585095649784
            ],
            [
              75.686660863909,
              30.844043728104452
            ],
            [
              75.68645172006303,
              30.84404483679768
            ],
            [
              75.68645364720429,
              30.8443155205879
            ],
            [
              75.68613993053305,
              30.84431718301233
            ],
            [
              75.6860340743225,
              30.844137281110296
            ],
            [
              75.68551121410981,
              30.8441400496874
            ],
            [
              75.68550928962759,
              30.843869365836333
            ],
            [
              75.68519621554348,
              30.843961253909338
            ],
            [
              75.68467143407675,
              30.843693335183932
            ],
            [
              75.68466758992119,
              30.84315196733775
            ],
            [
              75.6852950158493,
              30.843148648974136
            ],
            [
              75.68486904156171,
              30.84206812577191
            ],
            [
              75.68486583737322,
              30.841616985808624
            ],
            [
              75.68507433499833,
              30.841525651761806
            ],
            [
              75.68465477682041,
              30.84134740752022
            ],
            [
              75.68495310268871,
              30.839180276526314
            ],
            [
              75.6863124693328,
              30.839173080732053
            ],
            [
              75.68652545657643,
              30.83971334038947
            ],
            [
              75.68694372546219,
              30.839711122706543
            ],
            [
              75.68798553529989,
              30.839164204787824
            ],
            [
              75.68798231690158,
              30.838713064917147
            ],
            [
              75.68735363402004,
              30.83853593988824
            ],
            [
              75.68735041865763,
              30.838084799913826
            ],
            [
              75.68661846048279,
              30.83808868208735
            ],
            [
              75.68662167242182,
              30.838539822130855
            ],
            [
              75.68641254051055,
              30.8385409305834
            ],
            [
              75.68640932954962,
              30.838089790520165
            ],
            [
              75.68536303350471,
              30.838005099584002
            ],
            [
              75.68515133868749,
              30.837645293814123
            ],
            [
              75.68556831595473,
              30.83746262462313
            ],
            [
              75.68557024011443,
              30.837733308738855
            ],
            [
              75.68598850049686,
              30.837731094267998
            ],
            [
              75.68598657516347,
              30.837460410175908
            ],
            [
              75.6865093991093,
              30.837457640217895
            ],
            [
              75.68661524861616,
              30.837637542012086
            ],
            [
              75.6872419954604,
              30.837543986740172
            ],
            [
              75.68776610660534,
              30.837721667701317
            ],
            [
              75.68786616691682,
              30.83708951645385
            ],
            [
              75.68744726635182,
              30.837001508935543
            ],
            [
              75.68724070956613,
              30.837363530722342
            ],
            [
              75.68692701556158,
              30.83736519471681
            ],
            [
              75.68681923815876,
              30.836914609106497
            ],
            [
              75.68796880042095,
              30.836818277113508
            ],
            [
              75.6877564552587,
              30.836368247629856
            ],
            [
              75.68817470952948,
              30.836366026187946
            ],
            [
              75.68806435283086,
              30.835554529548315
            ],
            [
              75.68858845453865,
              30.835732207375273
            ],
            [
              75.68880917919735,
              30.837355199356036
            ],
            [
              75.68943656686686,
              30.837351861492348
            ],
            [
              75.68953855110767,
              30.836990393009458
            ],
            [
              75.690061372115,
              30.836987608753073
            ],
            [
              75.69016851901564,
              30.837347963477907
            ],
            [
              75.69058613124976,
              30.837255506236804
            ],
            [
              75.69047898290535,
              30.836895151874238
            ],
            [
              75.68953597079363,
              30.836629481112254
            ],
            [
              75.68932490853456,
              30.83635991026005
            ],
            [
              75.68984772614789,
              30.836357126916994
            ],
            [
              75.68994841698314,
              30.835815202135954
            ],
            [
              75.69141294446565,
              30.835897624487828
            ],
            [
              75.69141617855115,
              30.836348764228415
            ],
            [
              75.69204355932881,
              30.836345413836057
            ],
            [
              75.6922507434241,
              30.836073612570605
            ],
            [
              75.6935061498462,
              30.83615712862566
            ],
            [
              75.69351393535145,
              30.837239863426465
            ],
            [
              75.6940367572714,
              30.837237063104585
            ],
            [
              75.6941400228595,
              30.837056047023506
            ],
            [
              75.69424653551465,
              30.837326170262894
            ],
            [
              75.69456022890733,
              30.83732448854461
            ],
            [
              75.69466089408782,
              30.836782560564767
            ],
            [
              75.69413677594297,
              30.836604907592502
            ],
            [
              75.69455243163067,
              30.83624175399836
            ],
            [
              75.6949732853622,
              30.836600422125354
            ],
            [
              75.69487327219107,
              30.83723257820085
            ],
            [
              75.69518696523761,
              30.837230894969384
            ],
            [
              75.69539414222339,
              30.83695908881778
            ],
            [
              75.69623130583605,
              30.83704482302831
            ],
            [
              75.69623000314851,
              30.836864367339622
            ],
            [
              75.69675282273121,
              30.836861556085974
            ],
            [
              75.69633391563376,
              30.836773577413428
            ],
            [
              75.69622739780867,
              30.836503455947003
            ],
            [
              75.69664500019704,
              30.836410979301576
            ],
            [
              75.69674695638159,
              30.836049505514044
            ],
            [
              75.69726977148977,
              30.836046692240586
            ],
            [
              75.69747759254236,
              30.83586511067187
            ],
            [
              75.69737042021438,
              30.835504762299703
            ],
            [
              75.69810301017279,
              30.835591047493722
            ],
            [
              75.69841212426282,
              30.83495776174114
            ],
            [
              75.6994570878897,
              30.834861892011496
            ],
            [
              75.70081638949429,
              30.83485454492675
            ],
            [
              75.70082360104345,
              30.835847050487697
            ],
            [
              75.7003007874143,
              30.83584987808804
            ],
            [
              75.70019753473524,
              30.83603089891909
            ],
            [
              75.70176991741884,
              30.836563777474765
            ],
            [
              75.7022914207498,
              30.83638048841788
            ],
            [
              75.70271361817332,
              30.83691958638533
            ],
            [
              75.70313253130489,
              30.837007544323715
            ],
            [
              75.70584987166006,
              30.836812302516204
            ],
            [
              75.70532177466173,
              30.836093329078317
            ],
            [
              75.7058478906575,
              30.836541619529594
            ],
            [
              75.70647593167249,
              30.83662842687285
            ],
            [
              75.70647394892738,
              30.836357743915144
            ],
            [
              75.70594981232816,
              30.836180139030752
            ],
            [
              75.70604644934437,
              30.83509683704099
            ],
            [
              75.70583666548238,
              30.835007749056107
            ],
            [
              75.70646073131196,
              30.83455319057144
            ],
            [
              75.70750700488384,
              30.83463771141226
            ],
            [
              75.70751163777999,
              30.835269304989282
            ],
            [
              75.7071986135027,
              30.835361245624462
            ],
            [
              75.70720125977597,
              30.835722156231252
            ],
            [
              75.70835078378138,
              30.835625643851
            ],
            [
              75.70824423383668,
              30.83535553271611
            ],
            [
              75.70834747058345,
              30.83517450569484
            ],
            [
              75.70908736326489,
              30.836253232425847
            ],
            [
              75.70908537322067,
              30.835982549605408
            ],
            [
              75.70950229644967,
              30.835799804117855
            ],
            [
              75.70960287601406,
              30.835257865710677
            ],
            [
              75.70918396504695,
              30.835169928649428
            ],
            [
              75.70886630097286,
              30.83463027990613
            ],
            [
              75.70959623807735,
              30.834355589560182
            ],
            [
              75.70959159169975,
              30.833723996179202
            ],
            [
              75.70990527234439,
              30.83372227747993
            ],
            [
              75.7100138175006,
              30.834263070121374
            ],
            [
              75.71074574298603,
              30.834259056193137
            ],
            [
              75.71105476935215,
              30.833625741482514
            ],
            [
              75.71136844957758,
              30.83362401924516
            ],
            [
              75.71188592274093,
              30.832899326428034
            ],
            [
              75.71272039685238,
              30.83262404409067
            ],
            [
              75.71251861017302,
              30.833617697877205
            ],
            [
              75.71293418278783,
              30.833254486391517
            ],
            [
              75.71450190862892,
              30.833155617407975
            ],
            [
              75.71471169613861,
              30.833244691322253
            ],
            [
              75.71450391364935,
              30.833426300027575
            ],
            [
              75.71450525034471,
              30.833606755100938
            ],
            [
              75.71471370175479,
              30.833515373925724
            ],
            [
              75.71471704450872,
              30.833966511572736
            ],
            [
              75.71513528594681,
              30.833964203240697
            ],
            [
              75.71493017781145,
              30.834506722685312
            ],
            [
              75.71534909073699,
              30.8345946411345
            ],
            [
              75.71504008981093,
              30.835227965606595
            ],
            [
              75.71451794955183,
              30.835321078044405
            ],
            [
              75.71420292779985,
              30.835142352956037
            ],
            [
              75.71378534888707,
              30.835234885884372
            ],
            [
              75.71378801979269,
              30.835595795981806
            ],
            [
              75.71316064682105,
              30.83559925161281
            ],
            [
              75.71316464974915,
              30.836140616794616
            ],
            [
              75.71389658897962,
              30.836136584843622
            ],
            [
              75.71399914789009,
              30.835865325977085
            ],
            [
              75.71441739762707,
              30.835863019835497
            ],
            [
              75.71442140765075,
              30.836404384846748
            ],
            [
              75.71379469726749,
              30.836498071136393
            ],
            [
              75.71390259973617,
              30.836948632401374
            ],
            [
              75.71369280481812,
              30.836859557340816
            ],
            [
              75.71368813115444,
              30.8362279647672
            ],
            [
              75.71264516933398,
              30.836594631895544
            ],
            [
              75.7132738834096,
              30.83677163369472
            ],
            [
              75.71317332313149,
              30.83731357453154
            ],
            [
              75.71349035272412,
              30.837762984482158
            ],
            [
              75.71578340508606,
              30.836757790276135
            ],
            [
              75.71578474435167,
              30.836938245206117
            ],
            [
              75.71463855639477,
              30.837485961080905
            ],
            [
              75.7139112823707,
              30.838121589803
            ],
            [
              75.7140211914527,
              30.838842833243557
            ],
            [
              75.71527731767569,
              30.839016364846845
            ],
            [
              75.71527865611414,
              30.83919681973383
            ],
            [
              75.71423366398025,
              30.83929281752944
            ],
            [
              75.71465393448818,
              30.839561192754786
            ],
            [
              75.71465794642701,
              30.840102557428683
            ],
            [
              75.7155997190243,
              30.840187588707586
            ],
            [
              75.71434558210625,
              30.840284742850738
            ],
            [
              75.71392931716096,
              30.840557731412204
            ],
            [
              75.71393198916847,
              30.84091864120141
            ],
            [
              75.7153034194026,
              30.84253523422578
            ],
            [
              75.7152035344852,
              30.843167403464495
            ],
            [
              75.71426373815177,
              30.8433530520092
            ],
            [
              75.71447421641432,
              30.843532353226678
            ],
            [
              75.71437231964074,
              30.843893839651713
            ],
            [
              75.71531412913116,
              30.843978872385936
            ],
            [
              75.7148965132691,
              30.844071409350217
            ],
            [
              75.71479461755828,
              30.84443289606187
            ],
            [
              75.71552661946724,
              30.84442885392622
            ],
            [
              75.71552795865917,
              30.844609308652423
            ],
            [
              75.71479595538048,
              30.844613350816847
            ],
            [
              75.71469272111003,
              30.84479438268521
            ],
            [
              75.7155299674697,
              30.84487999073218
            ],
            [
              75.71532818682238,
              30.845873646977186
            ],
            [
              75.71543142100232,
              30.8456926146328
            ],
            [
              75.71616544305337,
              30.845959250746855
            ],
            [
              75.71679221219749,
              30.84586555219886
            ],
            [
              75.71679422465728,
              30.846136234151142
            ],
            [
              75.71606153985094,
              30.84605005632141
            ],
            [
              75.71595830649605,
              30.846231089145736
            ],
            [
              75.71617616714163,
              30.847402887870697
            ],
            [
              75.71596701733259,
              30.847404044337566
            ],
            [
              75.71607360279774,
              30.847674148076997
            ],
            [
              75.71554938737235,
              30.84749658357989
            ],
            [
              75.7154541870176,
              30.848760343751128
            ],
            [
              75.71534559342706,
              30.848219557599002
            ],
            [
              75.71471813853465,
              30.848223022044696
            ],
            [
              75.7147234901263,
              30.848944840623272
            ],
            [
              75.71451433690562,
              30.848945994795887
            ],
            [
              75.71451701199094,
              30.849306904071085
            ],
            [
              75.71410137751538,
              30.849670120723623
            ],
            [
              75.71431387533212,
              30.85012010375414
            ],
            [
              75.71389756840703,
              30.850393092463023
            ],
            [
              75.71390157781929,
              30.85093445632001
            ],
            [
              75.71369242024431,
              30.850935609231886
            ],
            [
              75.71369642859057,
              30.851476973067722
            ],
            [
              75.71348726982909,
              30.851478125666457
            ],
            [
              75.7134926128934,
              30.852199944075828
            ],
            [
              75.7132834525539,
              30.852201096369576
            ],
            [
              75.71328545566543,
              30.852471778264405
            ],
            [
              75.71380969436134,
              30.85264935143562
            ],
            [
              75.71328745880407,
              30.85274246014781
            ],
            [
              75.71632834646584,
              30.85380844517426
            ],
            [
              75.71653751015407,
              30.85380728790846
            ],
            [
              75.71663873760237,
              30.853355573075255
            ],
            [
              75.71695248163469,
              30.85335383632071
            ],
            [
              75.7168519267468,
              30.853895778583166
            ],
            [
              75.71706176188242,
              30.85398484767014
            ],
            [
              75.71748008994513,
              30.853982530419593
            ],
            [
              75.71747807493394,
              30.853711848836305
            ],
            [
              75.71779114811021,
              30.85361988283941
            ],
            [
              75.71790110624954,
              30.85434112054468
            ],
            [
              75.72450606949921,
              30.856469872607125
            ],
            [
              75.72408840921682,
              30.856562439749847
            ],
            [
              75.72303985471524,
              30.85620737595691
            ],
            [
              75.7227274551112,
              30.85638958171722
            ],
            [
              75.7226215175078,
              30.85620971131914
            ],
            [
              75.72230844082559,
              30.856301689018895
            ],
            [
              75.72241099618842,
              30.85603042436399
            ],
            [
              75.72199265969095,
              30.85603275768258
            ],
            [
              75.72220385640907,
              30.856302272397006
            ],
            [
              75.7219967154702,
              30.85657412010563
            ],
            [
              75.72189077900804,
              30.8563942490965
            ],
            [
              75.72168228562585,
              30.856485642171542
            ],
            [
              75.72178416718374,
              30.856124150912954
            ],
            [
              75.72157364758378,
              30.855944862566563
            ],
            [
              75.72136583022157,
              30.856126482212815
            ],
            [
              75.72105140239346,
              30.856038002708537
            ],
            [
              75.72105342762619,
              30.856308683981773
            ],
            [
              75.7202174262169,
              30.85640356763863
            ],
            [
              75.7201175611449,
              30.85703573904419
            ],
            [
              75.72053860066134,
              30.857394320062827
            ],
            [
              75.72148324890146,
              30.85784021386999
            ],
            [
              75.72179633138109,
              30.857748238096523
            ],
            [
              75.72169309682555,
              30.85792927519573
            ],
            [
              75.72190226921042,
              30.85792810912499
            ],
            [
              75.72211482220102,
              30.858378077928162
            ],
            [
              75.72221805642019,
              30.858197040510042
            ],
            [
              75.7225324923466,
              30.85828551702435
            ],
            [
              75.72253452191967,
              30.858556198115057
            ],
            [
              75.72222143757337,
              30.85864817569237
            ],
            [
              75.72232940625427,
              30.859098727400454
            ],
            [
              75.72139014550537,
              30.859374656466443
            ],
            [
              75.72159999671827,
              30.859463717871087
            ],
            [
              75.72160607794568,
              30.86027576112813
            ],
            [
              75.72202578509872,
              30.86045388279744
            ],
            [
              75.72161215941983,
              30.861087804282143
            ],
            [
              75.72161891690271,
              30.861990074332432
            ],
            [
              75.72172553510389,
              30.86226017231449
            ],
            [
              75.7225636154834,
              30.86243595915721
            ],
            [
              75.72267023683646,
              30.862706056293433
            ],
            [
              75.72173026627262,
              30.86289176123277
            ],
            [
              75.72162972950898,
              30.863433706148303
            ],
            [
              75.72089960962793,
              30.86370846600183
            ],
            [
              75.72069312443307,
              30.864070538610854
            ],
            [
              75.72037934576616,
              30.86407228497194
            ],
            [
              75.72069379938678,
              30.86416076559828
            ],
            [
              75.72069649923202,
              30.864521673535272
            ],
            [
              75.72048731247777,
              30.864522837881196
            ],
            [
              75.72028149862763,
              30.86497513682319
            ],
            [
              75.71944609514362,
              30.865160243556126
            ],
            [
              75.71893457156703,
              30.866697007742005
            ],
            [
              75.71809713266893,
              30.86661142500065
            ],
            [
              75.71809847785244,
              30.866791879006374
            ],
            [
              75.71862280348246,
              30.86696943094593
            ],
            [
              75.7186254958691,
              30.867330338890657
            ],
            [
              75.71914713100772,
              30.867146980726677
            ],
            [
              75.7191491517806,
              30.867417661648503
            ],
            [
              75.71810520395191,
              30.8676941489587
            ],
            [
              75.718003969746,
              30.86814586407271
            ],
            [
              75.71768614418363,
              30.867606242154903
            ],
            [
              75.71769084986975,
              30.86823783111252
            ],
            [
              75.71716920597184,
              30.86842118351269
            ],
            [
              75.71727783490813,
              30.868961965945243
            ],
            [
              75.71634248946539,
              30.86977922165961
            ],
            [
              75.71655437275032,
              30.87013897178583
            ],
            [
              75.71592878724854,
              30.870413125286113
            ],
            [
              75.71603942406081,
              30.87122458961496
            ],
            [
              75.71645782707293,
              30.87122227450775
            ],
            [
              75.71646118299006,
              30.871673409353082
            ],
            [
              75.71593817676808,
              30.871676303077287
            ],
            [
              75.71573232682184,
              30.872128594860946
            ],
            [
              75.71541718111793,
              30.87194987564237
            ],
            [
              75.71551977173607,
              30.871678616535444
            ],
            [
              75.71520596793034,
              30.871680350741688
            ],
            [
              75.71531257955543,
              30.87195045371727
            ],
            [
              75.71458036853342,
              30.87195449787532
            ],
            [
              75.71457902966635,
              30.871774043874613
            ],
            [
              75.71437116535711,
              30.871955652588433
            ],
            [
              75.71342975091443,
              30.87196084461405
            ],
            [
              75.71342774585143,
              30.87169016354334
            ],
            [
              75.7146782749227,
              30.871051650358048
            ],
            [
              75.71279947009042,
              30.871603394015356
            ],
            [
              75.71342106250398,
              30.870787893224936
            ],
            [
              75.7128967250892,
              30.870610320492972
            ],
            [
              75.71278478012152,
              30.86961839884843
            ],
            [
              75.71121579344488,
              30.8696270286078
            ],
            [
              75.71111385883452,
              30.869988511637974
            ],
            [
              75.70922973808135,
              30.8698183866116
            ],
            [
              75.70901788263643,
              30.869458624044167
            ],
            [
              75.70900924880772,
              30.868285671075906
            ],
            [
              75.70869678327121,
              30.868467843659637
            ],
            [
              75.70817246688873,
              30.868290251398435
            ],
            [
              75.70786397806499,
              30.869013785040973
            ],
            [
              75.70870076632504,
              30.86900920661618
            ],
            [
              75.70849621493883,
              30.869641941816017
            ],
            [
              75.70765942114512,
              30.869646519002718
            ],
            [
              75.70671471788118,
              30.86920052593041
            ],
            [
              75.70546085403454,
              30.869387826750998
            ],
            [
              75.70493587797604,
              30.86911999416605
            ],
            [
              75.70430894530826,
              30.86921363749003
            ],
            [
              75.70441552368462,
              30.869483750055025
            ],
            [
              75.70420632541332,
              30.869484888259194
            ],
            [
              75.70431488311516,
              30.870025682583712
            ],
            [
              75.70525694115831,
              30.870110784341144
            ],
            [
              75.7052609051381,
              30.870652147562694
            ],
            [
              75.70829431497351,
              30.87063558524615
            ],
            [
              75.70840289698921,
              30.87117637567422
            ],
            [
              75.70882196451052,
              30.871264312374667
            ],
            [
              75.70829895963978,
              30.87126717520102
            ],
            [
              75.70819701242559,
              30.871628656038563
            ],
            [
              75.70735953865496,
              30.871543004409357
            ],
            [
              75.70746546548072,
              30.871722887053913
            ],
            [
              75.7081976758753,
              30.87171888316683
            ],
            [
              75.70819966624235,
              30.871989564544013
            ],
            [
              75.70694510709242,
              30.87208665303587
            ],
            [
              75.70673325493978,
              30.871726886799866
            ],
            [
              75.70443202085976,
              30.87173943047048
            ],
            [
              75.70411623722337,
              30.871470456175697
            ],
            [
              75.70359323070194,
              30.87147330000727
            ],
            [
              75.70255248274542,
              30.872200799218824
            ],
            [
              75.70233604089339,
              30.871209434842214
            ],
            [
              75.70139397422875,
              30.871124311965456
            ],
            [
              75.70087425218001,
              30.87157828114573
            ],
            [
              75.70150317540345,
              30.871755335983217
            ],
            [
              75.70150646134519,
              30.87220647225382
            ]
          ]
        ]
      }
    },
    {
      "type": "Feature",
      "properties": {
        "id": "zone-0",
        "name": "Zone 0",
        "crop": "Wheat (assumed, Rabi)",
        "tier": "medium",
        "season_score": 13.58,
        "stress_class": "Non-water stress (cause undetermined)",
        "mean_ndvi": 0.5808,
        "mean_ndre": 0.4199,
        "mean_ndmi": 0.2395,
        "ndvi_series": {
          "2025-01-26": 0.6623,
          "2025-01-31": 0.3474,
          "2025-02-05": 0.6935,
          "2025-03-02": 0.6642,
          "2025-03-07": 0.6116,
          "2025-03-12": 0.5099,
          "2025-03-17": 0.5983,
          "2025-03-22": 0.5854,
          "2025-03-27": 0.555
        },
        "valid_frac": {
          "2025-01-26": 1.0,
          "2025-01-31": 1.0,
          "2025-02-05": 1.0,
          "2025-03-02": 1.0,
          "2025-03-07": 1.0,
          "2025-03-12": 0.2549,
          "2025-03-17": 1.0,
          "2025-03-22": 1.0,
          "2025-03-27": 1.0
        },
        "shortfall_pct": 13.75,
        "advisory_text": "Monitor canopy development. Early variance from top benchmark.",
        "advisory_evidence": "NDVI 0.56 (zone) vs 0.64 (top-90% benchmark)",
        "low_confidence": true,
        "hectares": 1255.0,
        "crop_hectares": 1230.0,
        "masked_noncrop_ha": 25.0,
        "masked_noncrop_pct": 2.0,
        "source": "pipeline/yield_risk.py (data-driven SLIC clustering)"
      },
      "geometry": {
        "type": "Polygon",
        "coordinates": [
          [
            [
              75.64991808762176,
              30.900627864454467
            ],
            [
              75.64967509446939,
              30.864626864789987
            ],
            [
              75.65019746071128,
              30.864534011006054
            ],
            [
              75.65019076248386,
              30.863541499468433
            ],
            [
              75.65102812293945,
              30.86362752281541
            ],
            [
              75.65123548111887,
              30.863355785793722
            ],
            [
              75.65217682369678,
              30.863351047256504
            ],
            [
              75.65228569344555,
              30.863982118354656
            ],
            [
              75.65228447167671,
              30.86380166178251
            ],
            [
              75.65270284803194,
              30.86379955319381
            ],
            [
              75.6523884547914,
              30.86371090647598
            ],
            [
              75.65238601090603,
              30.86334999331886
            ],
            [
              75.65269918044099,
              30.863258183491926
            ],
            [
              75.65280132853803,
              30.862896742992294
            ],
            [
              75.65395246490664,
              30.862981164949577
            ],
            [
              75.65436961193403,
              30.862798594496287
            ],
            [
              75.6548962565568,
              30.86333731970695
            ],
            [
              75.65510544362257,
              30.86333626137595
            ],
            [
              75.65520696913535,
              30.86288459086245
            ],
            [
              75.65583514149685,
              30.862971641626793
            ],
            [
              75.6558394408712,
              30.863603239239655
            ],
            [
              75.65636302455646,
              30.863690817164137
            ],
            [
              75.65637101587087,
              30.86486378385529
            ],
            [
              75.65793994298681,
              30.864855819911106
            ],
            [
              75.65856813045097,
              30.86494285716884
            ],
            [
              75.65856936404471,
              30.8651233134819
            ],
            [
              75.658881916043,
              30.86494126057215
            ],
            [
              75.65877855483396,
              30.86512224916104
            ],
            [
              75.65909295828772,
              30.865210880191185
            ],
            [
              75.65888500151738,
              30.865392401316893
            ],
            [
              75.65710687450657,
              30.865401438804216
            ],
            [
              75.65700412480398,
              30.865672654194388
            ],
            [
              75.65752833658225,
              30.865850455369426
            ],
            [
              75.65763539657327,
              30.86621083671941
            ],
            [
              75.65878595898067,
              30.866204986887332
            ],
            [
              75.65879027825125,
              30.866836583809885
            ],
            [
              75.65921051957353,
              30.867105138363865
            ],
            [
              75.6592123719317,
              30.86737582270604
            ],
            [
              75.65868999971818,
              30.867468712922115
            ],
            [
              75.65868629794882,
              30.866927344177142
            ],
            [
              75.65837250587553,
              30.866928940391794
            ],
            [
              75.65826914164057,
              30.86710992856289
            ],
            [
              75.65795473267448,
              30.867021295635574
            ],
            [
              75.6579590466348,
              30.8676528925841
            ],
            [
              75.65837743923933,
              30.867650765420358
            ],
            [
              75.65827037478006,
              30.867290384826344
            ],
            [
              75.6585847849049,
              30.867379016966645
            ],
            [
              75.65858725240382,
              30.86773992945054
            ],
            [
              75.65921422431492,
              30.86764650703678
            ],
            [
              75.65911209568164,
              30.868007952061255
            ],
            [
              75.65932252786618,
              30.86818734297439
            ],
            [
              75.6589041330108,
              30.86818947322567
            ],
            [
              75.65890598458752,
              30.868460157539158
            ],
            [
              75.65921978161488,
              30.86845855996041
            ],
            [
              75.65911765220017,
              30.868820004956223
            ],
            [
              75.65953296083441,
              30.868366733529257
            ],
            [
              75.65932005756882,
              30.867826430568925
            ],
            [
              75.65963447036968,
              30.867915060113504
            ],
            [
              75.6596363239785,
              30.868185744398644
            ],
            [
              75.66005471875593,
              30.868183611781255
            ],
            [
              75.66005595529275,
              30.868364067949816
            ],
            [
              75.6595335786172,
              30.868456961621117
            ],
            [
              75.65985108411296,
              30.868996731011627
            ],
            [
              75.66005781011887,
              30.868634752193156
            ],
            [
              75.66089707973363,
              30.86899139507217
            ],
            [
              75.66078876637567,
              30.868450560658534
            ],
            [
              75.66162803698737,
              30.868807198792624
            ],
            [
              75.66141388193675,
              30.868086443375617
            ],
            [
              75.66172767758785,
              30.86808483973536
            ],
            [
              75.66172953709093,
              30.86835552389893
            ],
            [
              75.66204271346749,
              30.86826369143348
            ],
            [
              75.66204457386897,
              30.868534375572306
            ],
            [
              75.66246296995696,
              30.868532235150134
            ],
            [
              75.66308311079506,
              30.86744628558636
            ],
            [
              75.66433890674365,
              30.867530078414823
            ],
            [
              75.66549260008088,
              30.86797530874264
            ],
            [
              75.66527904134381,
              30.86734478801992
            ],
            [
              75.66559345776653,
              30.867433403041094
            ],
            [
              75.66569618493584,
              30.86716218122791
            ],
            [
              75.66590725102427,
              30.867431789300642
            ],
            [
              75.66559595152881,
              30.86779431500991
            ],
            [
              75.66632876263357,
              30.867880776354554
            ],
            [
              75.6663300109086,
              30.868061232302
            ],
            [
              75.66570179676995,
              30.86797423314622
            ],
            [
              75.66570366743191,
              30.868244917096142
            ],
            [
              75.66612143800319,
              30.868152536891934
            ],
            [
              75.66643897906697,
              30.868692289630737
            ],
            [
              75.66664567947963,
              30.86833030064121
            ],
            [
              75.66758894372528,
              30.868596133191915
            ],
            [
              75.66768603773524,
              30.867512858362122
            ],
            [
              75.66799732837754,
              30.86715032773815
            ],
            [
              75.66820714904503,
              30.86723947607017
            ],
            [
              75.66810442890649,
              30.867510699771458
            ],
            [
              75.6685228200326,
              30.867508539828783
            ],
            [
              75.66820339382673,
              30.866698108351134
            ],
            [
              75.66862178141525,
              30.866695948139615
            ],
            [
              75.66882909585841,
              30.866424183684778
            ],
            [
              75.66914351235742,
              30.86651279009209
            ],
            [
              75.66914601932866,
              30.866873701850835
            ],
            [
              75.6696727681399,
              30.867412365095824
            ],
            [
              75.67166012291925,
              30.867402069280637
            ],
            [
              75.67176157447497,
              30.866950387128004
            ],
            [
              75.67322719475162,
              30.867123235889323
            ],
            [
              75.67332737735104,
              30.86649109687333
            ],
            [
              75.67405829058214,
              30.86630683095469
            ],
            [
              75.67406460407558,
              30.867209109431602
            ],
            [
              75.67479678532843,
              30.8672052949696
            ],
            [
              75.67542626707204,
              30.867472705577914
            ],
            [
              75.67730902320483,
              30.86746286871804
            ],
            [
              75.67730521680413,
              30.866921502031232
            ],
            [
              75.67688365902032,
              30.86647255133986
            ],
            [
              75.6767803303284,
              30.86665355379044
            ],
            [
              75.67521137995806,
              30.866661746475106
            ],
            [
              75.67520948269903,
              30.866391062986494
            ],
            [
              75.67458190413429,
              30.866394334702093
            ],
            [
              75.67457432240691,
              30.865311600493644
            ],
            [
              75.67352900047364,
              30.865407274237807
            ],
            [
              75.67342566652881,
              30.865588274115932
            ],
            [
              75.6737413463417,
              30.865857325083375
            ],
            [
              75.67300980551725,
              30.86595136130631
            ],
            [
              75.67301295727407,
              30.866402500682838
            ],
            [
              75.66987568905841,
              30.86650900353826
            ],
            [
              75.6696621052103,
              30.865878490273897
            ],
            [
              75.66924372126093,
              30.865880653796076
            ],
            [
              75.66903766240176,
              30.866332874799518
            ],
            [
              75.66851405378212,
              30.866245348547263
            ],
            [
              75.66872074126063,
              30.865883356297637
            ],
            [
              75.66850967086432,
              30.865613752813122
            ],
            [
              75.66892680069708,
              30.86543113575979
            ],
            [
              75.66829922757579,
              30.865434376929617
            ],
            [
              75.66818649660128,
              30.864261953049525
            ],
            [
              75.6696508159402,
              30.864254387121097
            ],
            [
              75.67018131895323,
              30.86533441635592
            ],
            [
              75.67154105865235,
              30.86532737023032
            ],
            [
              75.67175339511344,
              30.865777424480545
            ],
            [
              75.6724855658337,
              30.865773623247847
            ],
            [
              75.6726808971456,
              30.863787522603264
            ],
            [
              75.67320512629392,
              30.863965260077702
            ],
            [
              75.67383142708908,
              30.863781539482012
            ],
            [
              75.67414710199596,
              30.864050589604748
            ],
            [
              75.67466943961452,
              30.863957637453435
            ],
            [
              75.67477529730084,
              30.86413754809108
            ],
            [
              75.6747727695141,
              30.86377663659705
            ],
            [
              75.67529573742834,
              30.863773909814984
            ],
            [
              75.67529763473316,
              30.864044593408313
            ],
            [
              75.67540096353265,
              30.86386359206889
            ],
            [
              75.67602979175,
              30.86404077232414
            ],
            [
              75.676041821636,
              30.865755101224725
            ],
            [
              75.67666876208206,
              30.86566159467928
            ],
            [
              75.67656036454139,
              30.865120774422852
            ],
            [
              75.67718856879118,
              30.86520772104972
            ],
            [
              75.6771917400232,
              30.865658860089006
            ],
            [
              75.67740156563053,
              30.865747993461596
            ],
            [
              75.67760187217702,
              30.864483709428917
            ],
            [
              75.67822880270951,
              30.864390195454053
            ],
            [
              75.67834800933663,
              30.866464886552738
            ],
            [
              75.67908209242437,
              30.866731731217428
            ],
            [
              75.67845578307552,
              30.866915477267664
            ],
            [
              75.67835499843395,
              30.867457391965843
            ],
            [
              75.6774142552487,
              30.867552549197818
            ],
            [
              75.67762535463673,
              30.867822137655395
            ],
            [
              75.67846213790878,
              30.867817754839276
            ],
            [
              75.6785724562814,
              30.868629256295247
            ],
            [
              75.67878228964703,
              30.868718387274974
            ],
            [
              75.67888116536699,
              30.86790578914555
            ],
            [
              75.6785667358049,
              30.867817206607008
            ],
            [
              75.67866879094686,
              30.867455747292436
            ],
            [
              75.67961016833077,
              30.867450808709208
            ],
            [
              75.6795011156653,
              30.86681976359293
            ],
            [
              75.68002346265247,
              30.866726789732823
            ],
            [
              75.6800215518678,
              30.86645610651679
            ],
            [
              75.6805458085912,
              30.86663381377855
            ],
            [
              75.68054262153008,
              30.866182675121348
            ],
            [
              75.68012360018712,
              30.866094646081653
            ],
            [
              75.68011149750825,
              30.864380318721775
            ],
            [
              75.68021354344441,
              30.864018858138003
            ],
            [
              75.68042273090876,
              30.864017758880163
            ],
            [
              75.68042591713538,
              30.86446889769965
            ],
            [
              75.68073778715338,
              30.86419656487963
            ],
            [
              75.68115871453743,
              30.864555275313748
            ],
            [
              75.6811631801946,
              30.865186869502867
            ],
            [
              75.68158283681267,
              30.86536512296134
            ],
            [
              75.68158794377368,
              30.86608694473252
            ],
            [
              75.6821115623622,
              30.86617441794304
            ],
            [
              75.68211411788225,
              30.866535328753844
            ],
            [
              75.68159177411532,
              30.866628311007524
            ],
            [
              75.68149164575303,
              30.86726045560828
            ],
            [
              75.6821192290606,
              30.867257150314472
            ],
            [
              75.68221679736828,
              30.866264094491157
            ],
            [
              75.68252994647472,
              30.866172212817986
            ],
            [
              75.68253314284095,
              30.866623351289096
            ],
            [
              75.68294960986256,
              30.866350461717552
            ],
            [
              75.68347771217924,
              30.867069523077408
            ],
            [
              75.68463212631495,
              30.86760480928081
            ],
            [
              75.68463405014168,
              30.867875492188404
            ],
            [
              75.68369266959317,
              30.867880467364078
            ],
            [
              75.68369395039558,
              30.868060922664846
            ],
            [
              75.68463533270729,
              30.86805594745378
            ],
            [
              75.68474377908142,
              30.868596759983863
            ],
            [
              75.68475147610157,
              30.869679491354226
            ],
            [
              75.68454227653173,
              30.86968059778804
            ],
            [
              75.68475275897875,
              30.869859946564837
            ],
            [
              75.68475853206915,
              30.870671994949635
            ],
            [
              75.68392172509935,
              30.870676418829824
            ],
            [
              75.68392492855418,
              30.87112755685557
            ],
            [
              75.68423937365264,
              30.871216126100265
            ],
            [
              75.6843465395081,
              30.871576483506878
            ],
            [
              75.68591556694685,
              30.871568178928694
            ],
            [
              75.68580518296977,
              30.87075668506571
            ],
            [
              75.68486377449427,
              30.8707616691743
            ],
            [
              75.68548945371515,
              30.870487664457507
            ],
            [
              75.68496580880539,
              30.8704002053628
            ],
            [
              75.68485800049613,
              30.869949620818655
            ],
            [
              75.68496067565984,
              30.86967838458238
            ],
            [
              75.68590335856125,
              30.869853855093236
            ],
            [
              75.6861093449088,
              30.869401608546372
            ],
            [
              75.68611191573413,
              30.869762518875305
            ],
            [
              75.68684540136125,
              30.869939091120223
            ],
            [
              75.68695965422884,
              30.871291949357907
            ],
            [
              75.68644372055307,
              30.872287226856432
            ],
            [
              75.68592199283296,
              30.872470454447267
            ],
            [
              75.68592584850366,
              30.873011819697393
            ],
            [
              75.68509672365745,
              30.874098981976495
            ],
            [
              75.6848875145034,
              30.87410008911031
            ],
            [
              75.68354238471954,
              30.876182510964473
            ],
            [
              75.68022428367746,
              30.880350613725515
            ],
            [
              75.67992000712505,
              30.88170567587512
            ],
            [
              75.67971014420216,
              30.88161654735075
            ],
            [
              75.67960680518071,
              30.88179755179807
            ],
            [
              75.68002653202106,
              30.8819758088209
            ],
            [
              75.68210089756187,
              30.8794384282409
            ],
            [
              75.68220167226572,
              30.878896511749275
            ],
            [
              75.68272280217553,
              30.878623071194426
            ],
            [
              75.68292818155541,
              30.878080602294666
            ],
            [
              75.68355263257637,
              30.877626151420284
            ],
            [
              75.68500431329794,
              30.87581385862297
            ],
            [
              75.6854150325949,
              30.874728913338057
            ],
            [
              75.68604137850977,
              30.87454513327788
            ],
            [
              75.68686985279527,
              30.873367737609236
            ],
            [
              75.68698089279874,
              30.87426945756152
            ],
            [
              75.68760852105423,
              30.874266124979506
            ],
            [
              75.68792426872419,
              30.87453513998943
            ],
            [
              75.68803854347763,
              30.87588799601235
            ],
            [
              75.68794811837819,
              30.877873555833048
            ],
            [
              75.68700664075577,
              30.877878556558514
            ],
            [
              75.68701243468591,
              30.87869060355254
            ],
            [
              75.68669989309726,
              30.878872723878132
            ],
            [
              75.68732755139236,
              30.878869392213243
            ],
            [
              75.68754321373528,
              30.879770555174808
            ],
            [
              75.6881708777717,
              30.879767219333477
            ],
            [
              75.68816571869634,
              30.879045400084298
            ],
            [
              75.68837493845037,
              30.87904428749252
            ],
            [
              75.68838074418744,
              30.879856334106503
            ],
            [
              75.68890444351867,
              30.87994377844386
            ],
            [
              75.68880499669021,
              30.88066615427699
            ],
            [
              75.68775952481207,
              30.880761944987636
            ],
            [
              75.68797068252292,
              30.88103151516441
            ],
            [
              75.68776468119263,
              30.881483764106864
            ],
            [
              75.68661651704622,
              30.881850783800182
            ],
            [
              75.6871408697911,
              30.882028462501662
            ],
            [
              75.68724355068674,
              30.881757224861303
            ],
            [
              75.68776661488327,
              30.881754446255595
            ],
            [
              75.68787574044659,
              30.882385481902848
            ],
            [
              75.68745793065771,
              30.882477932727436
            ],
            [
              75.68714280176958,
              30.882299144663076
            ],
            [
              75.68609731026673,
              30.88239492221073
            ],
            [
              75.68609409520384,
              30.881943785176343
            ],
            [
              75.68640729111641,
              30.881851893640015
            ],
            [
              75.68609345219997,
              30.88185355776565
            ],
            [
              75.68598626762757,
              30.88149320264173
            ],
            [
              75.68713636194289,
              30.881396870747185
            ],
            [
              75.6871312102905,
              30.880675051522942
            ],
            [
              75.68493436451354,
              30.880686696313038
            ],
            [
              75.68483360356132,
              30.881228614582966
            ],
            [
              75.68556653225951,
              30.881314965067435
            ],
            [
              75.68557488493842,
              30.88248792153458
            ],
            [
              75.68484194728241,
              30.882401571245875
            ],
            [
              75.6847386171783,
              30.88258257963864
            ],
            [
              75.68620385319653,
              30.88266504977436
            ],
            [
              75.68620899830165,
              30.88338686891698
            ],
            [
              75.68652412910227,
              30.88356565919816
            ],
            [
              75.68642530455521,
              30.884378260493094
            ],
            [
              75.6869490269515,
              30.884465712342358
            ],
            [
              75.68695289022843,
              30.885007076471492
            ],
            [
              75.68496646245816,
              30.885198067200434
            ],
            [
              75.68496903060625,
              30.885558976734124
            ],
            [
              75.68392286018457,
              30.88556450983043
            ],
            [
              75.68392029595813,
              30.885203600218034
            ],
            [
              75.68287476924102,
              30.885299352204402
            ],
            [
              75.68286772860915,
              30.884306850463314
            ],
            [
              75.68203144207203,
              30.88440149132054
            ],
            [
              75.6818305184748,
              30.885575550655002
            ],
            [
              75.68225026590223,
              30.88575380005743
            ],
            [
              75.68214820623068,
              30.886115261268344
            ],
            [
              75.68267129466437,
              30.886112502905956
            ],
            [
              75.68267385430019,
              30.88647341256178
            ],
            [
              75.68246653731985,
              30.886745198416428
            ],
            [
              75.68215076390558,
              30.886476170963398
            ],
            [
              75.6818381879007,
              30.886658279841292
            ],
            [
              75.68173037445409,
              30.88620769386965
            ],
            [
              75.68162959025466,
              30.8867496095383
            ],
            [
              75.68204870314683,
              30.886837632072606
            ],
            [
              75.68184138361725,
              30.88710941694822
            ],
            [
              75.68267833377391,
              30.887105004410536
            ],
            [
              75.68236703607289,
              30.887467569369843
            ],
            [
              75.68247421425482,
              30.8878279272632
            ],
            [
              75.68216035559715,
              30.887829582138753
            ],
            [
              75.68194792015558,
              30.887379547920006
            ],
            [
              75.68184777526642,
              30.88801169106672
            ],
            [
              75.68059297592364,
              30.888108527388756
            ],
            [
              75.68048963184873,
              30.888289532438964
            ],
            [
              75.68101464750234,
              30.888557462853043
            ],
            [
              75.68185097119905,
              30.8884628280783
            ],
            [
              75.681853527997,
              30.888823737664676
            ],
            [
              75.67881570998959,
              30.888298324094535
            ],
            [
              75.68133297962318,
              30.88918740254374
            ],
            [
              75.68133489581555,
              30.889458084734308
            ],
            [
              75.68091641041269,
              30.889460287485914
            ],
            [
              75.68082072476396,
              30.89072402150415
            ],
            [
              75.68165770652988,
              30.890719615105013
            ],
            [
              75.68186055942907,
              30.88981623892235
            ],
            [
              75.68248764989016,
              30.88972270230454
            ],
            [
              75.68280215481761,
              30.8898112739073
            ],
            [
              75.68291894116781,
              30.891525041435145
            ],
            [
              75.68396581785053,
              30.89160974281414
            ],
            [
              75.68387337674503,
              30.893324614590377
            ],
            [
              75.68303637271036,
              30.893329035654368
            ],
            [
              75.68282584121451,
              30.89314968544631
            ],
            [
              75.68282712167282,
              30.893330140074497
            ],
            [
              75.68188613121185,
              30.893425333107952
            ],
            [
              75.68166984937258,
              30.892433934929745
            ],
            [
              75.68104274042255,
              30.8925274678181
            ],
            [
              75.68073333412804,
              30.893160710960323
            ],
            [
              75.68073461066315,
              30.893341165666925
            ],
            [
              75.68146826756735,
              30.893517765232353
            ],
            [
              75.68094641570535,
              30.893700974012518
            ],
            [
              75.68095152362227,
              30.894422792716078
            ],
            [
              75.68126604265771,
              30.894511367782492
            ],
            [
              75.68074546167618,
              30.894875030467713
            ],
            [
              75.68106125925713,
              30.895144060653873
            ],
            [
              75.68085391947781,
              30.89541584390626
            ],
            [
              75.68096429422032,
              30.896227339118944
            ],
            [
              75.68002327337011,
              30.896322519007445
            ],
            [
              75.67992884618992,
              30.897766705920123
            ],
            [
              75.68087626645448,
              30.898573799356548
            ],
            [
              75.68086541176838,
              30.897039935475235
            ],
            [
              75.68170244846088,
              30.89703552797926
            ],
            [
              75.68170692343041,
              30.897667118924023
            ],
            [
              75.68191682343722,
              30.897756243445418
            ],
            [
              75.6819232184866,
              30.898658516063666
            ],
            [
              75.68171587379297,
              30.898930300626645
            ],
            [
              75.68046539929104,
              30.899658728525555
            ],
            [
              75.68025996231542,
              30.90020119260421
            ],
            [
              75.6799460631553,
              30.90020284270186
            ],
            [
              75.67984334292731,
              30.900474074378476
            ],
            [
              75.64991808762176,
              30.900627864454467
            ]
          ]
        ]
      }
    },
    {
      "type": "Feature",
      "properties": {
        "id": "zone-7",
        "name": "Zone 7",
        "crop": "Wheat (assumed, Rabi)",
        "tier": "medium",
        "season_score": 10.55,
        "stress_class": "Non-water stress (cause undetermined)",
        "mean_ndvi": 0.6116,
        "mean_ndre": 0.4442,
        "mean_ndmi": 0.2725,
        "ndvi_series": {
          "2025-01-26": 0.6706,
          "2025-01-31": 0.376,
          "2025-02-05": 0.7003,
          "2025-03-02": 0.6797,
          "2025-03-07": 0.6196,
          "2025-03-12": 0.6512,
          "2025-03-17": 0.6159,
          "2025-03-22": 0.606,
          "2025-03-27": 0.5853
        },
        "valid_frac": {
          "2025-01-26": 1.0,
          "2025-01-31": 1.0,
          "2025-02-05": 1.0,
          "2025-03-02": 1.0,
          "2025-03-07": 0.8164,
          "2025-03-12": 0.5548,
          "2025-03-17": 1.0,
          "2025-03-22": 1.0,
          "2025-03-27": 1.0
        },
        "shortfall_pct": 9.05,
        "advisory_text": "Monitor canopy development. Early variance from top benchmark.",
        "advisory_evidence": "NDVI 0.59 (zone) vs 0.64 (top-90% benchmark)",
        "low_confidence": false,
        "hectares": 1135.9,
        "crop_hectares": 1112.6,
        "masked_noncrop_ha": 23.3,
        "masked_noncrop_pct": 2.1,
        "source": "pipeline/yield_risk.py (data-driven SLIC clustering)"
      },
      "geometry": {
        "type": "Polygon",
        "coordinates": [
          [
            [
              75.6540727634803,
              30.83446738510679
            ],
            [
              75.64946230213295,
              30.833046874097818
            ],
            [
              75.64923953455471,
              30.799932831196738
            ],
            [
              75.68373261091283,
              30.799755472576653
            ],
            [
              75.68373772068556,
              30.80047730134191
            ],
            [
              75.68499329774312,
              30.800651135947458
            ],
            [
              75.68458223282073,
              30.801645859039013
            ],
            [
              75.6852100291094,
              30.801732773640236
            ],
            [
              75.68521387000314,
              30.8022741448891
            ],
            [
              75.68490092975708,
              30.802366030824974
            ],
            [
              75.68489773045515,
              30.801914888097585
            ],
            [
              75.68437573819621,
              30.802007877252027
            ],
            [
              75.68427632601914,
              30.80273025755327
            ],
            [
              75.68479896205254,
              30.802727497289627
            ],
            [
              75.68480024162133,
              30.802907954365473
            ],
            [
              75.68396402237109,
              30.802912369807355
            ],
            [
              75.68417691246154,
              30.803452637720458
            ],
            [
              75.68355102169392,
              30.803636403946747
            ],
            [
              75.68344840911803,
              30.803907640826697
            ],
            [
              75.68386716206172,
              30.80399566391908
            ],
            [
              75.68397424683873,
              30.804356026483006
            ],
            [
              75.68418330479312,
              30.804354923065365
            ],
            [
              75.68417946935956,
              30.803813551873645
            ],
            [
              75.6849124478414,
              30.803990144380833
            ],
            [
              75.68471234713091,
              30.805254448165858
            ],
            [
              75.68429486673784,
              30.80534688494127
            ],
            [
              75.68418905813805,
              30.80516697976723
            ],
            [
              75.68419097597157,
              30.805437665311675
            ],
            [
              75.68377349425718,
              30.805530100424242
            ],
            [
              75.68377668876543,
              30.80598124300587
            ],
            [
              75.6841948117165,
              30.805979036366292
            ],
            [
              75.6845109622923,
              30.806338294488935
            ],
            [
              75.6844089892252,
              30.80669976051101
            ],
            [
              75.6841999262045,
              30.806700864368015
            ],
            [
              75.68441666364701,
              30.80778250231409
            ],
            [
              75.68389719557082,
              30.808236403855428
            ],
            [
              75.68389975190811,
              30.808597317763084
            ],
            [
              75.68348161759396,
              30.808599523618934
            ],
            [
              75.68348481112707,
              30.80905066601421
            ],
            [
              75.68254783141742,
              30.80959699528477
            ],
            [
              75.68244712330957,
              30.81013891670527
            ],
            [
              75.68245158778161,
              30.810770516036037
            ],
            [
              75.6834982247525,
              30.81094546372783
            ],
            [
              75.68339815943432,
              30.811577614159276
            ],
            [
              75.6838169457418,
              30.81166563681525
            ],
            [
              75.68371560384344,
              30.812117330547967
            ],
            [
              75.68392467861335,
              30.812116227298226
            ],
            [
              75.68382205855724,
              30.812387464240025
            ],
            [
              75.68319674803233,
              30.812661457805618
            ],
            [
              75.68288696356373,
              30.813204481416875
            ],
            [
              75.68215519341148,
              30.81320833557808
            ],
            [
              75.6821596565166,
              30.813839934647863
            ],
            [
              75.68267852445803,
              30.81329581145994
            ],
            [
              75.68278561582773,
              30.813656174404535
            ],
            [
              75.682368735085,
              30.813838833853108
            ],
            [
              75.68237128627558,
              30.81419974756367
            ],
            [
              75.68205957979023,
              30.814472083940064
            ],
            [
              75.68206404249327,
              30.815103682899178
            ],
            [
              75.68237830228695,
              30.815192260162966
            ],
            [
              75.68196141417118,
              30.81537491836819
            ],
            [
              75.68207233074406,
              30.81627665222958
            ],
            [
              75.68290994279621,
              30.816452704047574
            ],
            [
              75.68312605131663,
              30.81744411405766
            ],
            [
              75.6821851626773,
              30.81744907099617
            ],
            [
              75.68187535764122,
              30.817992092103314
            ],
            [
              75.68271234608784,
              30.818077916568257
            ],
            [
              75.68324081387098,
              30.818887216521762
            ],
            [
              75.68293037191262,
              30.8193400116713
            ],
            [
              75.68230501412101,
              30.819614001349418
            ],
            [
              75.68188619446259,
              30.81952597440663
            ],
            [
              75.68188364454753,
              30.819165060956504
            ],
            [
              75.68157128371924,
              30.819347167843333
            ],
            [
              75.68157638129607,
              30.820068994749946
            ],
            [
              75.68220429531728,
              30.82015592192429
            ],
            [
              75.68220875997237,
              30.820787520309757
            ],
            [
              75.68283604078442,
              30.820784216007805
            ],
            [
              75.682840509685,
              30.821415814248702
            ],
            [
              75.68242423386563,
              30.82168870247384
            ],
            [
              75.6826346059052,
              30.821868057629683
            ],
            [
              75.68253580135924,
              30.822680663197943
            ],
            [
              75.68222279266304,
              30.822772543401918
            ],
            [
              75.68212079485782,
              30.823134007098126
            ],
            [
              75.68159804804924,
              30.823136758196547
            ],
            [
              75.68118239823502,
              30.823499870838432
            ],
            [
              75.68098093966964,
              30.82458370979768
            ],
            [
              75.68119258943206,
              30.824943523761203
            ],
            [
              75.68098730747136,
              30.825485992799265
            ],
            [
              75.68140615234515,
              30.825574022195504
            ],
            [
              75.68088466564573,
              30.825757227192238
            ],
            [
              75.68089294305844,
              30.82693019488038
            ],
            [
              75.6812078776063,
              30.827109002535867
            ],
            [
              75.68089612680791,
              30.827381336241757
            ],
            [
              75.68080112303603,
              30.82873530963284
            ],
            [
              75.68111478938039,
              30.828733660887412
            ],
            [
              75.68153683550479,
              30.829272830785985
            ],
            [
              75.68111988543768,
              30.829455486815903
            ],
            [
              75.68090822571055,
              30.82909567312546
            ],
            [
              75.6808068534737,
              30.829547363849496
            ],
            [
              75.67976446879544,
              30.830003995644148
            ],
            [
              75.67945079823295,
              30.830005641181113
            ],
            [
              75.67944825636965,
              30.82964472813242
            ],
            [
              75.67913522212282,
              30.829736601156515
            ],
            [
              75.67903193569714,
              30.829917605781077
            ],
            [
              75.67934814750728,
              30.830276874303728
            ],
            [
              75.67903574621432,
              30.830458975370476
            ],
            [
              75.67809282723776,
              30.830193219633696
            ],
            [
              75.67830384463272,
              30.830462809709335
            ],
            [
              75.67778803101244,
              30.831458057043978
            ],
            [
              75.67820626486414,
              30.8314558681013
            ],
            [
              75.67831272665832,
              30.83172600543128
            ],
            [
              75.67904400268853,
              30.83163194265737
            ],
            [
              75.67883933004842,
              30.832264636363657
            ],
            [
              75.67905162447893,
              30.832714681500953
            ],
            [
              75.67790146647006,
              30.832720705570367
            ],
            [
              75.677897661977,
              30.832179336042778
            ],
            [
              75.67737423211787,
              30.83209184255359
            ],
            [
              75.67727474091576,
              30.832814215384648
            ],
            [
              75.67675194113183,
              30.83281694770083
            ],
            [
              75.67686029984031,
              30.833357770997402
            ],
            [
              75.67665244461938,
              30.833539320053248
            ],
            [
              75.67581532637618,
              30.833453458541516
            ],
            [
              75.67581406206615,
              30.833273001979926
            ],
            [
              75.67623230395745,
              30.83327081929475
            ],
            [
              75.67622977380698,
              30.83290990618741
            ],
            [
              75.67590913911457,
              30.8319190320905
            ],
            [
              75.67580584432875,
              30.832100034205766
            ],
            [
              75.67538697575405,
              30.832011987132844
            ],
            [
              75.67548774401129,
              30.83147007209599
            ],
            [
              75.67580141959276,
              30.831468436084645
            ],
            [
              75.67580268378879,
              30.831648892697025
            ],
            [
              75.67653396196407,
              30.831554844064758
            ],
            [
              75.67653586032432,
              30.831825528936815
            ],
            [
              75.6770586547588,
              30.831822797571444
            ],
            [
              75.67694966367252,
              30.831191746015136
            ],
            [
              75.67736789644233,
              30.83118955979596
            ],
            [
              75.67736536225212,
              30.83082864665736
            ],
            [
              75.677050422361,
              30.830649829836364
            ],
            [
              75.67736409517414,
              30.83064819008044
            ],
            [
              75.6773621945786,
              30.83037750520554
            ],
            [
              75.67725637041653,
              30.830197595275877
            ],
            [
              75.67704788941262,
              30.830288916643934
            ],
            [
              75.67694016656125,
              30.82983832152387
            ],
            [
              75.67756750689922,
              30.829835041863973
            ],
            [
              75.67735585944583,
              30.82947522220666
            ],
            [
              75.67683434379083,
              30.829658411214247
            ],
            [
              75.67684004104918,
              30.830470465983645
            ],
            [
              75.67621396140042,
              30.83065419880621
            ],
            [
              75.67621775621544,
              30.83119556865007
            ],
            [
              75.67569559707937,
              30.83128852488479
            ],
            [
              75.67548332146825,
              30.83083847387189
            ],
            [
              75.67517027940447,
              30.830930337410408
            ],
            [
              75.67506950986282,
              30.831472252263115
            ],
            [
              75.6739168444018,
              30.831117327381726
            ],
            [
              75.67392125673796,
              30.831748925782716
            ],
            [
              75.67360758012285,
              30.831750557254924
            ],
            [
              75.67349987151813,
              30.831299959162866
            ],
            [
              75.67182756529155,
              30.83139887440026
            ],
            [
              75.67172049366381,
              30.831038503066292
            ],
            [
              75.67140681921664,
              30.831040129176156
            ],
            [
              75.67140807517094,
              30.83122058596381
            ],
            [
              75.67067553936548,
              30.831134148887198
            ],
            [
              75.67037252393798,
              30.832669655310767
            ],
            [
              75.6697439113214,
              30.83249244358874
            ],
            [
              75.66953667058094,
              30.83276420982419
            ],
            [
              75.66953541805061,
              30.832583753010347
            ],
            [
              75.66838400898094,
              30.832409235707104
            ],
            [
              75.66838275862445,
              30.83222877884082
            ],
            [
              75.6678605857453,
              30.83232170366949
            ],
            [
              75.66775352778195,
              30.831961328906527
            ],
            [
              75.66712679634672,
              30.832054789704014
            ],
            [
              75.6669164300558,
              30.831875409548257
            ],
            [
              75.66680688141015,
              30.831154120018343
            ],
            [
              75.66743235883881,
              30.830880203897394
            ],
            [
              75.66753441952116,
              30.830518751270027
            ],
            [
              75.66627723462213,
              30.83016429651526
            ],
            [
              75.6661701850999,
              30.829803920203748
            ],
            [
              75.6666898520524,
              30.829350088314897
            ],
            [
              75.66585277784434,
              30.82926416170594
            ],
            [
              75.6655372414744,
              30.828995087935446
            ],
            [
              75.66511901720226,
              30.828997235823753
            ],
            [
              75.66512088334446,
              30.829267921436536
            ],
            [
              75.66459685835474,
              30.829090147334156
            ],
            [
              75.66480472722021,
              30.82890861730821
            ],
            [
              75.66469830629919,
              30.828638468163394
            ],
            [
              75.66490555218446,
              30.828366709427346
            ],
            [
              75.66479850988955,
              30.828006331779765
            ],
            [
              75.6641792547581,
              30.829182520747455
            ],
            [
              75.66334404509234,
              30.829367263566084
            ],
            [
              75.66313989372597,
              30.83009016267535
            ],
            [
              75.6635593641301,
              30.830268478211156
            ],
            [
              75.66345728873897,
              30.83062992793229
            ],
            [
              75.66366640449006,
              30.830628856788188
            ],
            [
              75.66366826667715,
              30.830899542412585
            ],
            [
              75.66324941364974,
              30.830811455838347
            ],
            [
              75.66325127468028,
              30.831082141478007
            ],
            [
              75.66377406650942,
              30.83107946378103
            ],
            [
              75.66377654987822,
              30.83144037791136
            ],
            [
              75.6636732326325,
              30.831621370688495
            ],
            [
              75.66335893531414,
              30.831532748805238
            ],
            [
              75.66346659699292,
              30.831983355997306
            ],
            [
              75.66262950235563,
              30.831897408883183
            ],
            [
              75.66315850155966,
              30.832797018919752
            ],
            [
              75.66232016105265,
              30.832530612842838
            ],
            [
              75.66221807876961,
              30.83289206156351
            ],
            [
              75.6627427402735,
              30.833160073475824
            ],
            [
              75.66201019651724,
              30.833073587521817
            ],
            [
              75.6619074933849,
              30.833344807456083
            ],
            [
              75.6613846890814,
              30.833347477796494
            ],
            [
              75.66096459080202,
              30.833078926879825
            ],
            [
              75.66044240561024,
              30.833171821961773
            ],
            [
              75.66023760731198,
              30.83380448794375
            ],
            [
              75.6598199789465,
              30.833896847590637
            ],
            [
              75.65971356613284,
              30.83362669443564
            ],
            [
              75.66023451936827,
              30.833353345119313
            ],
            [
              75.66023266663548,
              30.833082659409424
            ],
            [
              75.65970924649272,
              30.832995094388412
            ],
            [
              75.65970739526014,
              30.832724408634846
            ],
            [
              75.66002045856553,
              30.832632582192804
            ],
            [
              75.66106853303177,
              30.83298816476645
            ],
            [
              75.66147996893291,
              30.831993515575302
            ],
            [
              75.66137355369914,
              30.831723363741748
            ],
            [
              75.66095469903188,
              30.831635269780072
            ],
            [
              75.66095346261079,
              30.831454812619764
            ],
            [
              75.6600136677307,
              30.831640067713952
            ],
            [
              75.65938446317725,
              30.831372576711605
            ],
            [
              75.6589662280776,
              30.831374704884826
            ],
            [
              75.65875957513977,
              30.831736682945053
            ],
            [
              75.6585455291315,
              30.831015917192637
            ],
            [
              75.6574987150592,
              30.83084077096504
            ],
            [
              75.65781669659737,
              30.83147077903867
            ],
            [
              75.65761372970104,
              30.832374127123362
            ],
            [
              75.65897670638108,
              30.83290859121975
            ],
            [
              75.6588764600814,
              30.833540723246475
            ],
            [
              75.65709769116714,
              30.833369295010396
            ],
            [
              75.65699743210423,
              30.834001425721397
            ],
            [
              75.65773182475844,
              30.834358625779828
            ],
            [
              75.65616155245252,
              30.834095894261566
            ],
            [
              75.65605821805245,
              30.834276881136738
            ],
            [
              75.6552217220657,
              30.834281115013752
            ],
            [
              75.65522294790232,
              30.83446157230337
            ],
            [
              75.65501259804137,
              30.834282172639096
            ],
            [
              75.65480469906024,
              30.83446368723156
            ],
            [
              75.6540727634803,
              30.83446738510679
            ]
          ]
        ]
      }
    },
    {
      "type": "Feature",
      "properties": {
        "id": "zone-6",
        "name": "Zone 6",
        "crop": "Wheat (assumed, Rabi)",
        "tier": "healthy",
        "season_score": 8.52,
        "stress_class": "Healthy",
        "mean_ndvi": 0.6264,
        "mean_ndre": 0.459,
        "mean_ndmi": 0.2946,
        "ndvi_series": {
          "2025-01-26": 0.6847,
          "2025-01-31": 0.388,
          "2025-02-05": 0.7237,
          "2025-03-02": 0.6993,
          "2025-03-07": 0.6518,
          "2025-03-12": 0.6262,
          "2025-03-17": 0.6414,
          "2025-03-22": 0.63,
          "2025-03-27": 0.592
        },
        "valid_frac": {
          "2025-01-26": 1.0,
          "2025-01-31": 1.0,
          "2025-02-05": 1.0,
          "2025-03-02": 1.0,
          "2025-03-07": 1.0,
          "2025-03-12": 0.5739,
          "2025-03-17": 1.0,
          "2025-03-22": 1.0,
          "2025-03-27": 1.0
        },
        "shortfall_pct": 8.01,
        "advisory_text": "Canopy vigor aligns with top seasonal benchmarks. Normal monitoring.",
        "advisory_evidence": "NDVI 0.59 (zone) vs 0.64 (top-90% benchmark)",
        "low_confidence": false,
        "hectares": 1211.1,
        "crop_hectares": 1180.2,
        "masked_noncrop_ha": 30.9,
        "masked_noncrop_pct": 2.5,
        "source": "pipeline/yield_risk.py (data-driven SLIC clustering)"
      },
      "geometry": {
        "type": "Polygon",
        "coordinates": [
          [
            [
              75.68557024011443,
              30.837733308738855
            ],
            [
              75.68556831595473,
              30.83746262462313
            ],
            [
              75.68515069769215,
              30.837555065767667
            ],
            [
              75.6845194657458,
              30.837017014516473
            ],
            [
              75.68451562345945,
              30.83647564609451
            ],
            [
              75.68514300597357,
              30.836472329111142
            ],
            [
              75.68513211008462,
              30.83493845186795
            ],
            [
              75.68481714260064,
              30.83475965445685
            ],
            [
              75.68480945547756,
              30.833676917256973
            ],
            [
              75.68459969365114,
              30.83358779451515
            ],
            [
              75.68449001087332,
              30.83286652211285
            ],
            [
              75.68417633131246,
              30.832868179229234
            ],
            [
              75.68417505139111,
              30.832687722965
            ],
            [
              75.68448680962484,
              30.83241538147226
            ],
            [
              75.68459264967007,
              30.83259528519733
            ],
            [
              75.68490632831623,
              30.83259362708605
            ],
            [
              75.68511352490738,
              30.83232183690006
            ],
            [
              75.68553240308418,
              30.832409852364464
            ],
            [
              75.68553047943628,
              30.832139168023907
            ],
            [
              75.68511160244154,
              30.83205115253207
            ],
            [
              75.68531751530986,
              30.831598905769702
            ],
            [
              75.6851090391942,
              30.831690240023626
            ],
            [
              75.68500191782195,
              30.831329880424242
            ],
            [
              75.6854182272387,
              30.831056983808377
            ],
            [
              75.68531046449877,
              30.830606396296066
            ],
            [
              75.68551957925641,
              30.830605289878214
            ],
            [
              75.68572612859353,
              30.830243270580407
            ],
            [
              75.68541245764335,
              30.830244930563236
            ],
            [
              75.68530982353329,
              30.830516168154485
            ],
            [
              75.68520206195268,
              30.830065580498047
            ],
            [
              75.68509878666714,
              30.83024658978669
            ],
            [
              75.68457600164902,
              30.8302493534716
            ],
            [
              75.68384154417922,
              30.829892306382256
            ],
            [
              75.68384474209043,
              30.830343447259622
            ],
            [
              75.68332323461726,
              30.83052666225349
            ],
            [
              75.68300764616183,
              30.83025763186994
            ],
            [
              75.68310836985334,
              30.829715711420608
            ],
            [
              75.68268950547956,
              30.829627687874208
            ],
            [
              75.68310517546495,
              30.829264570430052
            ],
            [
              75.68299870318259,
              30.828994437095602
            ],
            [
              75.68226872756675,
              30.829268978315646
            ],
            [
              75.6822661752364,
              30.828908065437588
            ],
            [
              75.68195123283895,
              30.82872926052061
            ],
            [
              75.68195442176385,
              30.82918040165711
            ],
            [
              75.6814335541026,
              30.829453837264154
            ],
            [
              75.68143036757873,
              30.829002696097724
            ],
            [
              75.68080112303603,
              30.82873530963284
            ],
            [
              75.68089612680791,
              30.827381336241757
            ],
            [
              75.6812078776063,
              30.827109002535867
            ],
            [
              75.68089294305844,
              30.82693019488038
            ],
            [
              75.68088466564573,
              30.825757227192238
            ],
            [
              75.68140615234515,
              30.825574022195504
            ],
            [
              75.68098730747136,
              30.825485992799265
            ],
            [
              75.6809847603162,
              30.825125079613873
            ],
            [
              75.68119386338338,
              30.825123980353688
            ],
            [
              75.68098157643688,
              30.824673938103555
            ],
            [
              75.68118239823502,
              30.823499870838432
            ],
            [
              75.68159804804924,
              30.823136758196547
            ],
            [
              75.68212079485782,
              30.823134007098126
            ],
            [
              75.68222279266304,
              30.822772543401918
            ],
            [
              75.68253580135924,
              30.822680663197943
            ],
            [
              75.6826346059052,
              30.821868057629683
            ],
            [
              75.68242423386563,
              30.82168870247384
            ],
            [
              75.682840509685,
              30.821415814248702
            ],
            [
              75.68283604078442,
              30.820784216007805
            ],
            [
              75.68220875997237,
              30.820787520309757
            ],
            [
              75.68220429531728,
              30.82015592192429
            ],
            [
              75.68157638129607,
              30.820068994749946
            ],
            [
              75.68157128371924,
              30.819347167843333
            ],
            [
              75.68188364454753,
              30.819165060956504
            ],
            [
              75.68188619446259,
              30.81952597440663
            ],
            [
              75.68230501412101,
              30.819614001349418
            ],
            [
              75.68293037191262,
              30.8193400116713
            ],
            [
              75.68324081387098,
              30.818887216521762
            ],
            [
              75.68271234608784,
              30.818077916568257
            ],
            [
              75.68187535764122,
              30.817992092103314
            ],
            [
              75.6819767137989,
              30.817540399996993
            ],
            [
              75.68312605131663,
              30.81744411405766
            ],
            [
              75.68290994279621,
              30.816452704047574
            ],
            [
              75.68207233074406,
              30.81627665222958
            ],
            [
              75.68196141417118,
              30.81537491836819
            ],
            [
              75.68237894012343,
              30.815282488573477
            ],
            [
              75.68206404249327,
              30.815103682899178
            ],
            [
              75.68205957979023,
              30.814472083940064
            ],
            [
              75.68237128627558,
              30.81419974756367
            ],
            [
              75.682368735085,
              30.813838833853108
            ],
            [
              75.68278561582773,
              30.813656174404535
            ],
            [
              75.68267852445803,
              30.81329581145994
            ],
            [
              75.6821596565166,
              30.813839934647863
            ],
            [
              75.68215519341148,
              30.81320833557808
            ],
            [
              75.68288696356373,
              30.813204481416875
            ],
            [
              75.68319674803233,
              30.812661457805618
            ],
            [
              75.68392595702412,
              30.812296684145416
            ],
            [
              75.68371560384344,
              30.812117330547967
            ],
            [
              75.6838169457418,
              30.81166563681525
            ],
            [
              75.68339815943432,
              30.811577614159276
            ],
            [
              75.6834982247525,
              30.81094546372783
            ],
            [
              75.68245158778161,
              30.810770516036037
            ],
            [
              75.68244712330957,
              30.81013891670527
            ],
            [
              75.68254783141742,
              30.80959699528477
            ],
            [
              75.68348481112707,
              30.80905066601421
            ],
            [
              75.68348161759396,
              30.808599523618934
            ],
            [
              75.68379585732775,
              30.808688097829194
            ],
            [
              75.68389719557082,
              30.808236403855428
            ],
            [
              75.68441666364701,
              30.80778250231409
            ],
            [
              75.6841999262045,
              30.806700864368015
            ],
            [
              75.6844089892252,
              30.80669976051101
            ],
            [
              75.6845109622923,
              30.806338294488935
            ],
            [
              75.6841948117165,
              30.805979036366292
            ],
            [
              75.68377668876543,
              30.80598124300587
            ],
            [
              75.68377349425718,
              30.805530100424242
            ],
            [
              75.68408708501,
              30.80552844560047
            ],
            [
              75.68418905813805,
              30.80516697976723
            ],
            [
              75.68429486673784,
              30.80534688494127
            ],
            [
              75.68471234713091,
              30.805254448165858
            ],
            [
              75.68491372768626,
              30.804170601417198
            ],
            [
              75.68480727945595,
              30.80390046819189
            ],
            [
              75.68417946935956,
              30.803813551873645
            ],
            [
              75.68418330479312,
              30.804354923065365
            ],
            [
              75.68397424683873,
              30.804356026483006
            ],
            [
              75.68386716206172,
              30.80399566391908
            ],
            [
              75.68344840911803,
              30.803907640826697
            ],
            [
              75.68355102169392,
              30.803636403946747
            ],
            [
              75.68417691246154,
              30.803452637720458
            ],
            [
              75.68396402237109,
              30.802912369807355
            ],
            [
              75.68480024162133,
              30.802907954365473
            ],
            [
              75.68479896205254,
              30.802727497289627
            ],
            [
              75.68427632601914,
              30.80273025755327
            ],
            [
              75.68437573819621,
              30.802007877252027
            ],
            [
              75.68489773045515,
              30.801914888097585
            ],
            [
              75.68490092975708,
              30.802366030824974
            ],
            [
              75.68521387000314,
              30.8022741448891
            ],
            [
              75.6852100291094,
              30.801732773640236
            ],
            [
              75.68458223282073,
              30.801645859039013
            ],
            [
              75.68499329774312,
              30.800651135947458
            ],
            [
              75.68373772068556,
              30.80047730134191
            ],
            [
              75.68373261091283,
              30.799755472576653
            ],
            [
              75.71164041657823,
              30.799605256688793
            ],
            [
              75.71164440528185,
              30.800146625060002
            ],
            [
              75.71143535766097,
              30.800147772629497
            ],
            [
              75.71154586385208,
              30.800959251376355
            ],
            [
              75.71353249898114,
              30.801038561913902
            ],
            [
              75.71311506622972,
              30.801131090881544
            ],
            [
              75.71311639862111,
              30.80131154690988
            ],
            [
              75.71165371267668,
              30.80140981774833
            ],
            [
              75.711453302891,
              30.802583929844406
            ],
            [
              75.7121916417339,
              30.80348219156181
            ],
            [
              75.71219629955186,
              30.80411378753651
            ],
            [
              75.71177951722586,
              30.804296540381507
            ],
            [
              75.71199589145407,
              30.805287899969798
            ],
            [
              75.71220694654507,
              30.805557435244946
            ],
            [
              75.71252053548326,
              30.805555711626248
            ],
            [
              75.7120964287436,
              30.80474595780155
            ],
            [
              75.71251454381859,
              30.80474365988552
            ],
            [
              75.71251587527861,
              30.80492411583679
            ],
            [
              75.71429153235103,
              30.804733878696766
            ],
            [
              75.71439873102368,
              30.80509421432404
            ],
            [
              75.71502657364879,
              30.805180983690803
            ],
            [
              75.71513578018222,
              30.80581200237182
            ],
            [
              75.71576295928385,
              30.80580854017776
            ],
            [
              75.71577031615831,
              30.80680104697969
            ],
            [
              75.71618710137385,
              30.806618281319707
            ],
            [
              75.71629364001072,
              30.80688838725999
            ],
            [
              75.7167124336852,
              30.806976303523818
            ],
            [
              75.7167157822644,
              30.80742744282313
            ],
            [
              75.71619312436755,
              30.807430332173947
            ],
            [
              75.71619713983249,
              30.807971699352937
            ],
            [
              75.71567514769683,
              30.808064814526997
            ],
            [
              75.71556727209605,
              30.807614252369195
            ],
            [
              75.71515181795293,
              30.807977471855573
            ],
            [
              75.71503926781794,
              30.806895313967136
            ],
            [
              75.71461713719842,
              30.806356252716633
            ],
            [
              75.71378356125544,
              30.80672177268941
            ],
            [
              75.7126337214489,
              30.806728100335317
            ],
            [
              75.7123214599128,
              30.806910280190266
            ],
            [
              75.71264371014749,
              30.80808151939608
            ],
            [
              75.71306183961502,
              30.808079219491216
            ],
            [
              75.71264504202502,
              30.808261975249245
            ],
            [
              75.71285610558023,
              30.808531509215168
            ],
            [
              75.7126483717714,
              30.808713114859934
            ],
            [
              75.71275889943811,
              30.809524591196638
            ],
            [
              75.71317770161784,
              30.809612518720147
            ],
            [
              75.71338543631319,
              30.809430912237268
            ],
            [
              75.71421102800363,
              30.80798265990032
            ],
            [
              75.71307983152333,
              30.810515372859076
            ],
            [
              75.71308183075949,
              30.810786056509446
            ],
            [
              75.71371104347216,
              30.811053287356312
            ],
            [
              75.71402398285313,
              30.81096133196219
            ],
            [
              75.71402598477161,
              30.81123201553816
            ],
            [
              75.71287475884883,
              30.811057890404584
            ],
            [
              75.71277222166854,
              30.81132914905214
            ],
            [
              75.71277688473307,
              30.8119607441815
            ],
            [
              75.71298662422595,
              30.812049821919413
            ],
            [
              75.71288875034602,
              30.81295267564294
            ],
            [
              75.71309915860584,
              30.813131981000286
            ],
            [
              75.71382958899528,
              30.812947496446963
            ],
            [
              75.71383359208433,
              30.813488863444356
            ],
            [
              75.71352064436893,
              30.813580818473362
            ],
            [
              75.713525979669,
              30.814302641104412
            ],
            [
              75.71310915636448,
              30.814485398585063
            ],
            [
              75.71332490245233,
              30.815386526025964
            ],
            [
              75.71395347870812,
              30.815563527229944
            ],
            [
              75.71406068899542,
              30.81592386237121
            ],
            [
              75.71469060617063,
              30.81628131546481
            ],
            [
              75.71448219162673,
              30.816372696265177
            ],
            [
              75.71406135646409,
              30.81601409016124
            ],
            [
              75.71353798479792,
              30.81592674172697
            ],
            [
              75.71375040239393,
              30.816376729205906
            ],
            [
              75.7135439877278,
              30.816738791883864
            ],
            [
              75.71375507279144,
              30.817008323708084
            ],
            [
              75.71344278057778,
              30.817190506462303
            ],
            [
              75.71355399315237,
              30.818092208583266
            ],
            [
              75.71397416823466,
              30.818360588351442
            ],
            [
              75.71387229419629,
              30.818722075394
            ],
            [
              75.71429113739715,
              30.818809998558297
            ],
            [
              75.71428980188534,
              30.818629543063945
            ],
            [
              75.71512615184596,
              30.818624929867784
            ],
            [
              75.71533256441002,
              30.818262864803565
            ],
            [
              75.71627546311882,
              30.818528350199976
            ],
            [
              75.71627077594792,
              30.8178967561941
            ],
            [
              75.71721099162583,
              30.817801323994154
            ],
            [
              75.71784630112329,
              30.818880582733886
            ],
            [
              75.71784831438949,
              30.81915126575225
            ],
            [
              75.71753602325984,
              30.819333458300175
            ],
            [
              75.71764190951744,
              30.819513334657334
            ],
            [
              75.71441171077478,
              30.8209748876864
            ],
            [
              75.71441905817507,
              30.82196739245642
            ],
            [
              75.71525610578223,
              30.822053005660013
            ],
            [
              75.71525744328204,
              30.822233461020826
            ],
            [
              75.71452627780654,
              30.822327726720925
            ],
            [
              75.71443375406903,
              30.823952401535145
            ],
            [
              75.7150597139108,
              30.82376848559041
            ],
            [
              75.7150516908233,
              30.822685753559238
            ],
            [
              75.71724720096213,
              30.822673618066066
            ],
            [
              75.7173597979202,
              30.823755770745564
            ],
            [
              75.71788254408196,
              30.823752875314327
            ],
            [
              75.71809768563595,
              30.8245637649173
            ],
            [
              75.71934017951162,
              30.822932708642114
            ],
            [
              75.7205860002843,
              30.821752778618976
            ],
            [
              75.72079576818882,
              30.821841843136333
            ],
            [
              75.72007605724787,
              30.82347000878121
            ],
            [
              75.71955600410382,
              30.82383382333558
            ],
            [
              75.71914520382526,
              30.824828648559382
            ],
            [
              75.71748849995903,
              30.82700338511949
            ],
            [
              75.7173879724632,
              30.827545329512034
            ],
            [
              75.71780819966469,
              30.82781369564788
            ],
            [
              75.71697042955441,
              30.827637872255416
            ],
            [
              75.71645034230198,
              30.828001674644355
            ],
            [
              75.71614739673926,
              30.829447050042297
            ],
            [
              75.71729750633601,
              30.829440687017474
            ],
            [
              75.71751869647352,
              30.831063624417247
            ],
            [
              75.7166835797815,
              30.831248709783875
            ],
            [
              75.71647714557025,
              30.83161077663417
            ],
            [
              75.71605891445839,
              30.831613089140262
            ],
            [
              75.71606092372507,
              30.831883771732198
            ],
            [
              75.71658371407402,
              30.831880880857774
            ],
            [
              75.71658505457802,
              30.832061335892124
            ],
            [
              75.71627070983087,
              30.83197284315955
            ],
            [
              75.7160636027896,
              30.832244681836997
            ],
            [
              75.71522579697154,
              30.832068847831408
            ],
            [
              75.71533303161794,
              30.832429180648404
            ],
            [
              75.71449923531051,
              30.83279470723072
            ],
            [
              75.7145005719637,
              30.832975162321883
            ],
            [
              75.71575662230997,
              30.833148690608496
            ],
            [
              75.71576331755115,
              30.8340509657161
            ],
            [
              75.71544963623805,
              30.834052698616826
            ],
            [
              75.71544829775239,
              30.833872243593138
            ],
            [
              75.71471704450872,
              30.833966511572736
            ],
            [
              75.71471370175479,
              30.833515373925724
            ],
            [
              75.71450525034471,
              30.833606755100938
            ],
            [
              75.71471169613861,
              30.833244691322253
            ],
            [
              75.71450190862892,
              30.833155617407975
            ],
            [
              75.71293418278783,
              30.833254486391517
            ],
            [
              75.71251861017302,
              30.833617697877205
            ],
            [
              75.71272039685238,
              30.83262404409067
            ],
            [
              75.7123021610044,
              30.832626344536326
            ],
            [
              75.71136844957758,
              30.83362401924516
            ],
            [
              75.71105476935215,
              30.833625741482514
            ],
            [
              75.71074574298603,
              30.834259056193137
            ],
            [
              75.7100138175006,
              30.834263070121374
            ],
            [
              75.70990527234439,
              30.83372227747993
            ],
            [
              75.70959159169975,
              30.833723996179202
            ],
            [
              75.70959623807735,
              30.834355589560182
            ],
            [
              75.70886630097286,
              30.83463027990613
            ],
            [
              75.7090787399343,
              30.835080273454672
            ],
            [
              75.70960287601406,
              30.835257865710677
            ],
            [
              75.70950229644967,
              30.835799804117855
            ],
            [
              75.70908537322067,
              30.835982549605408
            ],
            [
              75.70908736326489,
              30.836253232425847
            ],
            [
              75.70834747058345,
              30.83517450569484
            ],
            [
              75.70835078378138,
              30.835625643851
            ],
            [
              75.70720125977597,
              30.835722156231252
            ],
            [
              75.7071986135027,
              30.835361245624462
            ],
            [
              75.70751163777999,
              30.835269304989282
            ],
            [
              75.70750700488384,
              30.83463771141226
            ],
            [
              75.70646073131196,
              30.83455319057144
            ],
            [
              75.70583600520476,
              30.834917521369768
            ],
            [
              75.70604644934437,
              30.83509683704099
            ],
            [
              75.70594981232816,
              30.836180139030752
            ],
            [
              75.70647394892738,
              30.836357743915144
            ],
            [
              75.70647593167249,
              30.83662842687285
            ],
            [
              75.7058478906575,
              30.836541619529594
            ],
            [
              75.70532177466173,
              30.836093329078317
            ],
            [
              75.70584987166006,
              30.836812302516204
            ],
            [
              75.70480423499293,
              30.836817996338773
            ],
            [
              75.70459642595983,
              30.83699958945721
            ],
            [
              75.70313253130489,
              30.837007544323715
            ],
            [
              75.70271361817332,
              30.83691958638533
            ],
            [
              75.7022914207498,
              30.83638048841788
            ],
            [
              75.70176991741884,
              30.836563777474765
            ],
            [
              75.70166404111369,
              30.83638388844677
            ],
            [
              75.70030275279555,
              30.836120561426352
            ],
            [
              75.7003007874143,
              30.83584987808804
            ],
            [
              75.70082360104345,
              30.835847050487697
            ],
            [
              75.70081638949429,
              30.83485454492675
            ],
            [
              75.69841212426282,
              30.83495776174114
            ],
            [
              75.69810301017279,
              30.835591047493722
            ],
            [
              75.69737042021438,
              30.835504762299703
            ],
            [
              75.69747759254236,
              30.83586511067187
            ],
            [
              75.69706129755357,
              30.836138045643562
            ],
            [
              75.69674695638159,
              30.836049505514044
            ],
            [
              75.69664500019704,
              30.836410979301576
            ],
            [
              75.69622739780867,
              30.836503455947003
            ],
            [
              75.69633391563376,
              30.836773577413428
            ],
            [
              75.69675217090283,
              30.83677132824972
            ],
            [
              75.69623000314851,
              30.836864367339622
            ],
            [
              75.69623130583605,
              30.83704482302831
            ],
            [
              75.69539414222339,
              30.83695908881778
            ],
            [
              75.69518696523761,
              30.837230894969384
            ],
            [
              75.69487327219107,
              30.83723257820085
            ],
            [
              75.69486677152642,
              30.836330299472195
            ],
            [
              75.69423939122241,
              30.83633366353664
            ],
            [
              75.69413677594297,
              30.836604907592502
            ],
            [
              75.69466089408782,
              30.836782560564767
            ],
            [
              75.69456022890733,
              30.83732448854461
            ],
            [
              75.69424653551465,
              30.837326170262894
            ],
            [
              75.6941400228595,
              30.837056047023506
            ],
            [
              75.6940367572714,
              30.837237063104585
            ],
            [
              75.69351393535145,
              30.837239863426465
            ],
            [
              75.6935061498462,
              30.83615712862566
            ],
            [
              75.6922507434241,
              30.836073612570605
            ],
            [
              75.69204355932881,
              30.836345413836057
            ],
            [
              75.69141617855115,
              30.836348764228415
            ],
            [
              75.69141294446565,
              30.835897624487828
            ],
            [
              75.6903666686626,
              30.83581297365239
            ],
            [
              75.68994841698314,
              30.835815202135954
            ],
            [
              75.68984772614789,
              30.836357126916994
            ],
            [
              75.6895333905261,
              30.836268569194722
            ],
            [
              75.68932490853456,
              30.83635991026005
            ],
            [
              75.68953597079363,
              30.836629481112254
            ],
            [
              75.69047898290535,
              30.836895151874238
            ],
            [
              75.69058613124976,
              30.837255506236804
            ],
            [
              75.69016851901564,
              30.837347963477907
            ],
            [
              75.690061372115,
              30.836987608753073
            ],
            [
              75.68953855110767,
              30.836990393009458
            ],
            [
              75.68943656686686,
              30.837351861492348
            ],
            [
              75.68880917919735,
              30.837355199356036
            ],
            [
              75.68858845453865,
              30.835732207375273
            ],
            [
              75.68806435283086,
              30.835554529548315
            ],
            [
              75.68817470952948,
              30.836366026187946
            ],
            [
              75.6877564552587,
              30.836368247629856
            ],
            [
              75.68796880042095,
              30.836818277113508
            ],
            [
              75.68681923815876,
              30.836914609106497
            ],
            [
              75.68692701556158,
              30.83736519471681
            ],
            [
              75.68776095913924,
              30.83699984369878
            ],
            [
              75.68787002810323,
              30.837630884443904
            ],
            [
              75.68598657516347,
              30.837460410175908
            ],
            [
              75.68598850049686,
              30.837731094267998
            ],
            [
              75.68557024011443,
              30.837733308738855
            ]
          ]
        ]
      }
    },
    {
      "type": "Feature",
      "properties": {
        "id": "zone-5",
        "name": "Zone 5",
        "crop": "Wheat (assumed, Rabi)",
        "tier": "healthy",
        "season_score": 0.87,
        "stress_class": "Healthy",
        "mean_ndvi": 0.6654,
        "mean_ndre": 0.4894,
        "mean_ndmi": 0.3346,
        "ndvi_series": {
          "2025-01-26": 0.6665,
          "2025-01-31": 0.3455,
          "2025-02-05": 0.7192,
          "2025-03-02": 0.7719,
          "2025-03-07": 0.7189,
          "2025-03-12": 0.7143,
          "2025-03-17": 0.7175,
          "2025-03-22": 0.6916,
          "2025-03-27": 0.643
        },
        "valid_frac": {
          "2025-01-26": 1.0,
          "2025-01-31": 1.0,
          "2025-02-05": 1.0,
          "2025-03-02": 1.0,
          "2025-03-07": 0.9961,
          "2025-03-12": 0.8502,
          "2025-03-17": 1.0,
          "2025-03-22": 1.0,
          "2025-03-27": 1.0
        },
        "shortfall_pct": 0.09,
        "advisory_text": "Canopy vigor aligns with top seasonal benchmarks. Normal monitoring.",
        "advisory_evidence": "NDVI 0.64 (zone) vs 0.64 (top-90% benchmark)",
        "low_confidence": false,
        "hectares": 1117.3,
        "crop_hectares": 1085.9,
        "masked_noncrop_ha": 31.4,
        "masked_noncrop_pct": 2.8,
        "source": "pipeline/yield_risk.py (data-driven SLIC clustering)"
      },
      "geometry": {
        "type": "Polygon",
        "coordinates": [
          [
            [
              75.7339949567162,
              30.866432032939976
            ],
            [
              75.73336601206262,
              30.86625513621718
            ],
            [
              75.73346511130202,
              30.86553273000119
            ],
            [
              75.7331513287636,
              30.865534507391537
            ],
            [
              75.73314858215294,
              30.8651736005101
            ],
            [
              75.73356627026095,
              30.865081003805958
            ],
            [
              75.7335600870702,
              30.86426896331272
            ],
            [
              75.73314171584293,
              30.864271333217452
            ],
            [
              75.73303506348955,
              30.864001245263488
            ],
            [
              75.73272746196456,
              30.86481506221181
            ],
            [
              75.73199667911759,
              30.86499965751494
            ],
            [
              75.73283411441078,
              30.86508515038489
            ],
            [
              75.73284235082835,
              30.866167871059194
            ],
            [
              75.73221340990678,
              30.865990968667983
            ],
            [
              75.73221135254214,
              30.865720288471046
            ],
            [
              75.73168906575968,
              30.865813472061543
            ],
            [
              75.73032523263585,
              30.86527978935644
            ],
            [
              75.72979747819552,
              30.864651150992668
            ],
            [
              75.72979201034245,
              30.86392933656945
            ],
            [
              75.72906054541166,
              30.86402368848843
            ],
            [
              75.72811648393352,
              30.863668078749264
            ],
            [
              75.72759420392246,
              30.863761245734462
            ],
            [
              75.72780543351514,
              30.864030750476992
            ],
            [
              75.72749233679126,
              30.864122740925357
            ],
            [
              75.72728042674213,
              30.86376300880494
            ],
            [
              75.72758739001021,
              30.86285897712566
            ],
            [
              75.72727293468722,
              30.862770513259278
            ],
            [
              75.72726952933054,
              30.862319378869447
            ],
            [
              75.7268511659812,
              30.862321728313564
            ],
            [
              75.7268484433179,
              30.86196082074537
            ],
            [
              75.72632617119227,
              30.86205398251235
            ],
            [
              75.72632209020863,
              30.861512621066876
            ],
            [
              75.72684640135263,
              30.861690140055853
            ],
            [
              75.7267390890074,
              30.861329819578895
            ],
            [
              75.7262168201743,
              30.8614229808614
            ],
            [
              75.7259023707541,
              30.86133451355256
            ],
            [
              75.72590033149712,
              30.86106383277997
            ],
            [
              75.72558656298283,
              30.861065591607453
            ],
            [
              75.72569251160057,
              30.861245459274105
            ],
            [
              75.72527619028035,
              30.861518484351837
            ],
            [
              75.72528026538866,
              30.862059845922474
            ],
            [
              75.7248625817852,
              30.862152415853426
            ],
            [
              75.7246527217595,
              30.862063359913556
            ],
            [
              75.72443675657308,
              30.861162261091565
            ],
            [
              75.72422689910252,
              30.86107320440773
            ],
            [
              75.72433352350076,
              30.86134330018094
            ],
            [
              75.72381192986651,
              30.86152667875858
            ],
            [
              75.72381938590239,
              30.862519175257127
            ],
            [
              75.72340305371881,
              30.862792194427985
            ],
            [
              75.72172553510389,
              30.86226017231449
            ],
            [
              75.72161215941983,
              30.861087804282143
            ],
            [
              75.72202578509872,
              30.86045388279744
            ],
            [
              75.72160607794568,
              30.86027576112813
            ],
            [
              75.72159999671827,
              30.859463717871087
            ],
            [
              75.72138947002755,
              30.859284429426108
            ],
            [
              75.72232940625427,
              30.859098727400454
            ],
            [
              75.72222143757337,
              30.85864817569237
            ],
            [
              75.72253452191967,
              30.858556198115057
            ],
            [
              75.7225324923466,
              30.85828551702435
            ],
            [
              75.72221805642019,
              30.858197040510042
            ],
            [
              75.72211482220102,
              30.858378077928162
            ],
            [
              75.72190226921042,
              30.85792810912499
            ],
            [
              75.72169309682555,
              30.85792927519573
            ],
            [
              75.72179633138109,
              30.857748238096523
            ],
            [
              75.72148324890146,
              30.85784021386999
            ],
            [
              75.72053860066134,
              30.857394320062827
            ],
            [
              75.7201175611449,
              30.85703573904419
            ],
            [
              75.7202174262169,
              30.85640356763863
            ],
            [
              75.72105342762619,
              30.856308683981773
            ],
            [
              75.72105140239346,
              30.856038002708537
            ],
            [
              75.72136583022157,
              30.856126482212815
            ],
            [
              75.72157364758378,
              30.855944862566563
            ],
            [
              75.72178416718374,
              30.856124150912954
            ],
            [
              75.72168228562585,
              30.856485642171542
            ],
            [
              75.72189077900804,
              30.8563942490965
            ],
            [
              75.7219967154702,
              30.85657412010563
            ],
            [
              75.72220453256958,
              30.85639249946272
            ],
            [
              75.72199265969095,
              30.85603275768258
            ],
            [
              75.72241099618842,
              30.85603042436399
            ],
            [
              75.72230844082559,
              30.856301689018895
            ],
            [
              75.7226215175078,
              30.85620971131914
            ],
            [
              75.7227274551112,
              30.85638958171722
            ],
            [
              75.72303985471524,
              30.85620737595691
            ],
            [
              75.72408840921682,
              30.856562439749847
            ],
            [
              75.72450606949921,
              30.856469872607125
            ],
            [
              75.71811094329746,
              30.854430187894984
            ],
            [
              75.71779585187979,
              30.854251473148185
            ],
            [
              75.71779114811021,
              30.85361988283941
            ],
            [
              75.71747807493394,
              30.853711848836305
            ],
            [
              75.71748008994513,
              30.853982530419593
            ],
            [
              75.71706176188242,
              30.85398484767014
            ],
            [
              75.7168519267468,
              30.853895778583166
            ],
            [
              75.71695248163469,
              30.85335383632071
            ],
            [
              75.71663873760237,
              30.853355573075255
            ],
            [
              75.71653751015407,
              30.85380728790846
            ],
            [
              75.71632834646584,
              30.85380844517426
            ],
            [
              75.71328745880407,
              30.85274246014781
            ],
            [
              75.71380969436134,
              30.85264935143562
            ],
            [
              75.71339070393807,
              30.85256142944731
            ],
            [
              75.7132834525539,
              30.852201096369576
            ],
            [
              75.7134926128934,
              30.852199944075828
            ],
            [
              75.71348726982909,
              30.851478125666457
            ],
            [
              75.71369642859057,
              30.851476973067722
            ],
            [
              75.71389756840703,
              30.850393092463023
            ],
            [
              75.71431387533212,
              30.85012010375414
            ],
            [
              75.71410137751538,
              30.849670120723623
            ],
            [
              75.71431053232597,
              30.84966896719365
            ],
            [
              75.71430785797531,
              30.849308057922375
            ],
            [
              75.7147234901263,
              30.848944840623272
            ],
            [
              75.71471813853465,
              30.848223022044696
            ],
            [
              75.71534559342706,
              30.848219557599002
            ],
            [
              75.7154541870176,
              30.848760343751128
            ],
            [
              75.71554938737235,
              30.84749658357989
            ],
            [
              75.71607360279774,
              30.847674148076997
            ],
            [
              75.71596701733259,
              30.847404044337566
            ],
            [
              75.71617616714163,
              30.847402887870697
            ],
            [
              75.71595830649605,
              30.846231089145736
            ],
            [
              75.71606153985094,
              30.84605005632141
            ],
            [
              75.71679422465728,
              30.846136234151142
            ],
            [
              75.71679221219749,
              30.84586555219886
            ],
            [
              75.71616544305337,
              30.845959250746855
            ],
            [
              75.7156405671233,
              30.845691459088382
            ],
            [
              75.71532818682238,
              30.845873646977186
            ],
            [
              75.7155299674697,
              30.84487999073218
            ],
            [
              75.71469272111003,
              30.84479438268521
            ],
            [
              75.71479595538048,
              30.844613350816847
            ],
            [
              75.71552795865917,
              30.844609308652423
            ],
            [
              75.71552661946724,
              30.84442885392622
            ],
            [
              75.71479461755828,
              30.84443289606187
            ],
            [
              75.71479261084764,
              30.844162213919894
            ],
            [
              75.71531412913116,
              30.843978872385936
            ],
            [
              75.71437231964074,
              30.843893839651713
            ],
            [
              75.71447421641432,
              30.843532353226678
            ],
            [
              75.71426373815177,
              30.8433530520092
            ],
            [
              75.7152035344852,
              30.843167403464495
            ],
            [
              75.7153034194026,
              30.84253523422578
            ],
            [
              75.71393198916847,
              30.84091864120141
            ],
            [
              75.71392931716096,
              30.840557731412204
            ],
            [
              75.71434558210625,
              30.840284742850738
            ],
            [
              75.7155997190243,
              30.840187588707586
            ],
            [
              75.71465794642701,
              30.840102557428683
            ],
            [
              75.71465393448818,
              30.839561192754786
            ],
            [
              75.71423366398025,
              30.83929281752944
            ],
            [
              75.71527865611414,
              30.83919681973383
            ],
            [
              75.71527731767569,
              30.839016364846845
            ],
            [
              75.7140211914527,
              30.838842833243557
            ],
            [
              75.7139112823707,
              30.838121589803
            ],
            [
              75.71463855639477,
              30.837485961080905
            ],
            [
              75.71578474435167,
              30.836938245206117
            ],
            [
              75.71578340508606,
              30.836757790276135
            ],
            [
              75.71349035272412,
              30.837762984482158
            ],
            [
              75.71317332313149,
              30.83731357453154
            ],
            [
              75.7132738834096,
              30.83677163369472
            ],
            [
              75.71264450264573,
              30.836504404364536
            ],
            [
              75.71368813115444,
              30.8362279647672
            ],
            [
              75.71369280481812,
              30.836859557340816
            ],
            [
              75.71390259973617,
              30.836948632401374
            ],
            [
              75.71379469726749,
              30.836498071136393
            ],
            [
              75.71442140765075,
              30.836404384846748
            ],
            [
              75.71441739762707,
              30.835863019835497
            ],
            [
              75.71399914789009,
              30.835865325977085
            ],
            [
              75.71389658897962,
              30.836136584843622
            ],
            [
              75.71316464974915,
              30.836140616794616
            ],
            [
              75.71316064682105,
              30.83559925161281
            ],
            [
              75.71378801979269,
              30.835595795981806
            ],
            [
              75.71378534888707,
              30.835234885884372
            ],
            [
              75.7144120510976,
              30.83514119974929
            ],
            [
              75.71483163505359,
              30.83531934733587
            ],
            [
              75.7152478750831,
              30.83504635604664
            ],
            [
              75.71534909073699,
              30.8345946411345
            ],
            [
              75.71493017781145,
              30.834506722685312
            ],
            [
              75.7149288402735,
              30.834326267653786
            ],
            [
              75.71513796176883,
              30.834325113302558
            ],
            [
              75.71513461699885,
              30.833873975722046
            ],
            [
              75.71576331755115,
              30.8340509657161
            ],
            [
              75.71575662230997,
              30.833148690608496
            ],
            [
              75.71544160550512,
              30.832969968398437
            ],
            [
              75.71481491846242,
              30.83306365931103
            ],
            [
              75.71449923531051,
              30.83279470723072
            ],
            [
              75.71533303161794,
              30.832429180648404
            ],
            [
              75.71522579697154,
              30.832068847831408
            ],
            [
              75.71585314669947,
              30.83206538255449
            ],
            [
              75.71595904431965,
              30.832245259766967
            ],
            [
              75.71627070983087,
              30.83197284315955
            ],
            [
              75.71658505457802,
              30.832061335892124
            ],
            [
              75.71658371407402,
              30.831880880857774
            ],
            [
              75.71606092372507,
              30.831883771732198
            ],
            [
              75.71616280239358,
              30.831522283609168
            ],
            [
              75.7226460488398,
              30.831576510352416
            ],
            [
              75.72274925441998,
              30.831395472233574
            ],
            [
              75.72369094772911,
              30.83148044601544
            ],
            [
              75.72462722050305,
              30.830843593980624
            ],
            [
              75.72483633400239,
              30.830842424091664
            ],
            [
              75.72452537435876,
              30.831205088288755
            ],
            [
              75.72463196478697,
              30.831475185560567
            ],
            [
              75.72588665381231,
              30.831468160989182
            ],
            [
              75.72556890977931,
              30.830928554176065
            ],
            [
              75.72630420406112,
              30.831375589433918
            ],
            [
              75.7271386219729,
              30.831100215001065
            ],
            [
              75.7272445393453,
              30.83128008269906
            ],
            [
              75.73069424069033,
              30.831170439172084
            ],
            [
              75.73069629098573,
              30.83144112090635
            ],
            [
              75.73132363448507,
              30.83143758077621
            ],
            [
              75.7313222664451,
              30.831257126313176
            ],
            [
              75.73320429275671,
              30.831246487773104
            ],
            [
              75.73361771759058,
              30.83061252960393
            ],
            [
              75.73445348090661,
              30.830517562827694
            ],
            [
              75.73654460369066,
              30.830505690252593
            ],
            [
              75.73654667034661,
              30.830776371659475
            ],
            [
              75.73623437832775,
              30.83095860899387
            ],
            [
              75.73654804813278,
              30.830956825924353
            ],
            [
              75.73675509405939,
              30.83068495540292
            ],
            [
              75.73696765307675,
              30.83113490155995
            ],
            [
              75.73759430382302,
              30.831041103984276
            ],
            [
              75.737383121459,
              30.8307716131288
            ],
            [
              75.73769610061095,
              30.83067960017655
            ],
            [
              75.73780272707322,
              30.830949686052517
            ],
            [
              75.73843075703309,
              30.831036338652762
            ],
            [
              75.73843213835765,
              30.831216792833736
            ],
            [
              75.73968682014551,
              30.831209634660496
            ],
            [
              75.7396833609912,
              30.830758499325928
            ],
            [
              75.7401015861986,
              30.830756110610682
            ],
            [
              75.74041733260779,
              30.831024999348244
            ],
            [
              75.7413583416973,
              30.83101961746749
            ],
            [
              75.74146428524247,
              30.831199473116527
            ],
            [
              75.74188181830256,
              30.831106851601565
            ],
            [
              75.74198429298914,
              30.830835571708665
            ],
            [
              75.74345016745389,
              30.831097860252743
            ],
            [
              75.74396947116611,
              30.830643724013722
            ],
            [
              75.74470206017804,
              30.830729745644174
            ],
            [
              75.74491395935868,
              30.83108945119907
            ],
            [
              75.7470057882639,
              30.83116763649269
            ],
            [
              75.7480506542226,
              30.831071376111012
            ],
            [
              75.7482555680531,
              30.830528807043887
            ],
            [
              75.74888290312799,
              30.830525181978743
            ],
            [
              75.7489895605315,
              30.83079525814711
            ],
            [
              75.74951234112446,
              30.830792234485102
            ],
            [
              75.7496190005906,
              30.83106231009057
            ],
            [
              75.75024633893871,
              30.831058678366794
            ],
            [
              75.75047315650261,
              30.860201884150896
            ],
            [
              75.75015869009705,
              30.860113476036556
            ],
            [
              75.75036435276316,
              30.859661131683325
            ],
            [
              75.74994530091399,
              30.859573329108628
            ],
            [
              75.74952695162864,
              30.85957575163058
            ],
            [
              75.74911210952206,
              30.860029305158346
            ],
            [
              75.74869305711671,
              30.859941498542796
            ],
            [
              75.74858987129898,
              30.86012255625305
            ],
            [
              75.74827330478468,
              30.859763464068557
            ],
            [
              75.74795954208619,
              30.859765277045085
            ],
            [
              75.74785775561647,
              30.860126787183134
            ],
            [
              75.74754329171847,
              30.860038372671912
            ],
            [
              75.74733691514002,
              30.86040048624689
            ],
            [
              75.74618434776151,
              30.860136442337748
            ],
            [
              75.74607696529904,
              30.859776138939445
            ],
            [
              75.74670519020219,
              30.859862747869816
            ],
            [
              75.74691296683287,
              30.85968108829175
            ],
            [
              75.74690807121495,
              30.85904950263093
            ],
            [
              75.74617875813911,
              30.859414630079613
            ],
            [
              75.7459674881981,
              30.85914515578847
            ],
            [
              75.74617386738485,
              30.858783044286906
            ],
            [
              75.74596469428353,
              30.85878424959643
            ],
            [
              75.7457520298263,
              30.858334321777964
            ],
            [
              75.74543896956904,
              30.85842635513678
            ],
            [
              75.74533089406724,
              30.85797582437549
            ],
            [
              75.74491255127583,
              30.85797823187662
            ],
            [
              75.74480657084223,
              30.857798380367036
            ],
            [
              75.74501504430388,
              30.857706950378418
            ],
            [
              75.74469989355464,
              30.857528302165903
            ],
            [
              75.74438683483905,
              30.85762033296585
            ],
            [
              75.74438892574192,
              30.857891012757804
            ],
            [
              75.74365682631127,
              30.85789521966169
            ],
            [
              75.74344974330488,
              30.85816710071226
            ],
            [
              75.74209012576885,
              30.858174900440584
            ],
            [
              75.74188373234662,
              30.858537005693034
            ],
            [
              75.74136080039467,
              30.85854000098558
            ],
            [
              75.74104912278413,
              30.858812477106195
            ],
            [
              75.74105189829218,
              30.85917338369996
            ],
            [
              75.74167803185837,
              30.858989337257647
            ],
            [
              75.74167942079353,
              30.859169790526412
            ],
            [
              75.74094939256781,
              30.859444662204936
            ],
            [
              75.74116064932693,
              30.859714144888557
            ],
            [
              75.74106022511661,
              30.860256103359074
            ],
            [
              75.74085035485119,
              30.860167073823437
            ],
            [
              75.74095216777181,
              30.859805568771584
            ],
            [
              75.7406384044134,
              30.859807364009338
            ],
            [
              75.74064187202008,
              30.860258497220947
            ],
            [
              75.74095633067162,
              30.86034692858337
            ],
            [
              75.74106369475973,
              30.860707236496285
            ],
            [
              75.7409632690882,
              30.861249194834524
            ],
            [
              75.74033434641011,
              30.86107233148855
            ],
            [
              75.74023183674846,
              30.861343609411435
            ],
            [
              75.73991806833075,
              30.861345402983765
            ],
            [
              75.73959945184906,
              30.860715609248693
            ],
            [
              75.73918109661929,
              30.860717998422615
            ],
            [
              75.73886940581886,
              30.860990469417104
            ],
            [
              75.73750698459543,
              30.860637314905325
            ],
            [
              75.73761364547985,
              30.86090739917349
            ],
            [
              75.73792672163103,
              30.860815384522255
            ],
            [
              75.73845174082619,
              30.861083082924175
            ],
            [
              75.73782420540697,
              30.86108666065386
            ],
            [
              75.73783387850138,
              30.862349834119797
            ],
            [
              75.73752079730194,
              30.862441848606228
            ],
            [
              75.73762953266679,
              30.862982612749043
            ],
            [
              75.73940758446065,
              30.862972470064296
            ],
            [
              75.74118980008423,
              30.863503662483392
            ],
            [
              75.74129230919881,
              30.863232383898232
            ],
            [
              75.74191916329458,
              30.863138562563375
            ],
            [
              75.7418083196859,
              30.86232712267323
            ],
            [
              75.74212209116608,
              30.862325324468824
            ],
            [
              75.74223154721939,
              30.862956310912512
            ],
            [
              75.74265060736361,
              30.8630441382861
            ],
            [
              75.74160747269737,
              30.863411040050465
            ],
            [
              75.74161094533622,
              30.863862172911656
            ],
            [
              75.74202653430342,
              30.863498869415388
            ],
            [
              75.74223919341932,
              30.86394880309441
            ],
            [
              75.74140592708648,
              30.86440473044375
            ],
            [
              75.74141009329392,
              30.864946089814918
            ],
            [
              75.74057265279687,
              30.864860652524623
            ],
            [
              75.74046112474649,
              30.863958984954508
            ],
            [
              75.73993816320011,
              30.863961974972582
            ],
            [
              75.73983218513992,
              30.863782119512255
            ],
            [
              75.7397296713372,
              30.8640533969939
            ],
            [
              75.74014873416967,
              30.864141232411452
            ],
            [
              75.73952117907321,
              30.864144818684494
            ],
            [
              75.73910557774984,
              30.864508114298527
            ],
            [
              75.73868582238175,
              30.864330048897756
            ],
            [
              75.73827229136974,
              30.864964021754243
            ],
            [
              75.73754013718336,
              30.864968194932228
            ],
            [
              75.73785529966878,
              30.865146860192393
            ],
            [
              75.73775277889584,
              30.8654181361644
            ],
            [
              75.73660086549302,
              30.865244234325147
            ],
            [
              75.7363944366785,
              30.865606331007704
            ],
            [
              75.73555906092723,
              30.865791541301615
            ],
            [
              75.73514481450587,
              30.86633527779151
            ],
            [
              75.73493424778894,
              30.86615601220107
            ],
            [
              75.73409748915344,
              30.86616075979995
            ],
            [
              75.7339949567162,
              30.866432032939976
            ]
          ]
        ]
      }
    },
    {
      "type": "Feature",
      "properties": {
        "id": "zone-8",
        "name": "Zone 8",
        "crop": "Wheat (assumed, Rabi)",
        "tier": "healthy",
        "season_score": 0.03,
        "stress_class": "Healthy",
        "mean_ndvi": 0.6793,
        "mean_ndre": 0.5067,
        "mean_ndmi": 0.3558,
        "ndvi_series": {
          "2025-01-26": 0.7054,
          "2025-01-31": 0.3868,
          "2025-02-05": 0.744,
          "2025-03-02": 0.7663,
          "2025-03-07": 0.7229,
          "2025-03-12": 0.732,
          "2025-03-17": 0.715,
          "2025-03-22": 0.6954,
          "2025-03-27": 0.6458
        },
        "valid_frac": {
          "2025-01-26": 1.0,
          "2025-01-31": 1.0,
          "2025-02-05": 1.0,
          "2025-03-02": 1.0,
          "2025-03-07": 1.0,
          "2025-03-12": 0.8736,
          "2025-03-17": 1.0,
          "2025-03-22": 1.0,
          "2025-03-27": 1.0
        },
        "shortfall_pct": 0.0,
        "advisory_text": "Canopy vigor aligns with top seasonal benchmarks. Normal monitoring.",
        "advisory_evidence": "NDVI 0.65 (zone) vs 0.64 (top-90% benchmark)",
        "low_confidence": false,
        "hectares": 1188.1,
        "crop_hectares": 1180.3,
        "masked_noncrop_ha": 7.8,
        "masked_noncrop_pct": 0.7,
        "source": "pipeline/yield_risk.py (data-driven SLIC clustering)"
      },
      "geometry": {
        "type": "Polygon",
        "coordinates": [
          [
            [
              75.71940543487955,
              30.831684778756
            ],
            [
              75.71668559077189,
              30.831519392354018
            ],
            [
              75.7166835797815,
              30.831248709783875
            ],
            [
              75.71751869647352,
              30.831063624417247
            ],
            [
              75.71751332775646,
              30.83034180428579
            ],
            [
              75.71730354412418,
              30.83025273481115
            ],
            [
              75.71729750633601,
              30.829440687017474
            ],
            [
              75.71614739673926,
              30.829447050042297
            ],
            [
              75.71614337813567,
              30.82890568465338
            ],
            [
              75.71645570256891,
              30.828723495205022
            ],
            [
              75.71665743938166,
              30.827729835330874
            ],
            [
              75.71728408990616,
              30.827636135996187
            ],
            [
              75.7172854314947,
              30.827816591121195
            ],
            [
              75.71780819966469,
              30.82781369564788
            ],
            [
              75.7173879724632,
              30.827545329512034
            ],
            [
              75.71748849995903,
              30.82700338511949
            ],
            [
              75.71914520382526,
              30.824828648559382
            ],
            [
              75.71955600410382,
              30.82383382333558
            ],
            [
              75.72007605724787,
              30.82347000878121
            ],
            [
              75.72079576818882,
              30.821841843136333
            ],
            [
              75.7205860002843,
              30.821752778618976
            ],
            [
              75.71934017951162,
              30.822932708642114
            ],
            [
              75.71809768563595,
              30.8245637649173
            ],
            [
              75.71788254408196,
              30.823752875314327
            ],
            [
              75.7173597979202,
              30.823755770745564
            ],
            [
              75.71724720096213,
              30.822673618066066
            ],
            [
              75.7150516908233,
              30.822685753559238
            ],
            [
              75.7150597139108,
              30.82376848559041
            ],
            [
              75.71443375406903,
              30.823952401535145
            ],
            [
              75.71452627780654,
              30.822327726720925
            ],
            [
              75.71525744328204,
              30.822233461020826
            ],
            [
              75.71525610578223,
              30.822053005660013
            ],
            [
              75.71441905817507,
              30.82196739245642
            ],
            [
              75.71441171077478,
              30.8209748876864
            ],
            [
              75.71764190951744,
              30.819513334657334
            ],
            [
              75.71753602325984,
              30.819333458300175
            ],
            [
              75.71784831438949,
              30.81915126575225
            ],
            [
              75.71784630112329,
              30.818880582733886
            ],
            [
              75.71721099162583,
              30.817801323994154
            ],
            [
              75.71627077594792,
              30.8178967561941
            ],
            [
              75.71627546311882,
              30.818528350199976
            ],
            [
              75.71533256441002,
              30.818262864803565
            ],
            [
              75.71512615184596,
              30.818624929867784
            ],
            [
              75.71428980188534,
              30.818629543063945
            ],
            [
              75.71429113739715,
              30.818809998558297
            ],
            [
              75.71387229419629,
              30.818722075394
            ],
            [
              75.71397416823466,
              30.818360588351442
            ],
            [
              75.71355399315237,
              30.818092208583266
            ],
            [
              75.71344278057778,
              30.817190506462303
            ],
            [
              75.71375507279144,
              30.817008323708084
            ],
            [
              75.71354465473506,
              30.816829019672706
            ],
            [
              75.71375173677818,
              30.8165571847843
            ],
            [
              75.71353798479792,
              30.81592674172697
            ],
            [
              75.71406135646409,
              30.81601409016124
            ],
            [
              75.71448219162673,
              30.816372696265177
            ],
            [
              75.71469060617063,
              30.81628131546481
            ],
            [
              75.71406068899542,
              30.81592386237121
            ],
            [
              75.71395347870812,
              30.815563527229944
            ],
            [
              75.71332490245233,
              30.815386526025964
            ],
            [
              75.71310915636448,
              30.814485398585063
            ],
            [
              75.713525979669,
              30.814302641104412
            ],
            [
              75.71352064436893,
              30.813580818473362
            ],
            [
              75.71383359208433,
              30.813488863444356
            ],
            [
              75.71382958899528,
              30.812947496446963
            ],
            [
              75.71362184772117,
              30.813129103648702
            ],
            [
              75.71288875034602,
              30.81295267564294
            ],
            [
              75.71298662422595,
              30.812049821919413
            ],
            [
              75.71277688473307,
              30.8119607441815
            ],
            [
              75.71277222166854,
              30.81132914905214
            ],
            [
              75.71287475884883,
              30.811057890404584
            ],
            [
              75.71402598477161,
              30.81123201553816
            ],
            [
              75.71402398285313,
              30.81096133196219
            ],
            [
              75.71339677004386,
              30.81096478625952
            ],
            [
              75.71308183075949,
              30.810786056509446
            ],
            [
              75.71307983152333,
              30.810515372859076
            ],
            [
              75.71421102800363,
              30.80798265990032
            ],
            [
              75.71338543631319,
              30.809430912237268
            ],
            [
              75.71317770161784,
              30.809612518720147
            ],
            [
              75.71275889943811,
              30.809524591196638
            ],
            [
              75.7126483717714,
              30.808713114859934
            ],
            [
              75.71285610558023,
              30.808531509215168
            ],
            [
              75.71264504202502,
              30.808261975249245
            ],
            [
              75.71306183961502,
              30.808079219491216
            ],
            [
              75.71264371014749,
              30.80808151939608
            ],
            [
              75.7123214599128,
              30.806910280190266
            ],
            [
              75.7126337214489,
              30.806728100335317
            ],
            [
              75.71378356125544,
              30.80672177268941
            ],
            [
              75.71461713719842,
              30.806356252716633
            ],
            [
              75.71503926781794,
              30.806895313967136
            ],
            [
              75.71515181795293,
              30.807977471855573
            ],
            [
              75.71556727209605,
              30.807614252369195
            ],
            [
              75.71567514769683,
              30.808064814526997
            ],
            [
              75.71619713983249,
              30.807971699352937
            ],
            [
              75.71619312436755,
              30.807430332173947
            ],
            [
              75.7167157822644,
              30.80742744282313
            ],
            [
              75.7167124336852,
              30.806976303523818
            ],
            [
              75.71629364001072,
              30.80688838725999
            ],
            [
              75.71618710137385,
              30.806618281319707
            ],
            [
              75.71577031615831,
              30.80680104697969
            ],
            [
              75.71576295928385,
              30.80580854017776
            ],
            [
              75.71513578018222,
              30.80581200237182
            ],
            [
              75.71502657364879,
              30.805180983690803
            ],
            [
              75.71439873102368,
              30.80509421432404
            ],
            [
              75.71429153235103,
              30.804733878696766
            ],
            [
              75.71366436002701,
              30.80473733366258
            ],
            [
              75.71366569363524,
              30.80491778956879
            ],
            [
              75.7120964287436,
              30.80474595780155
            ],
            [
              75.71252053548326,
              30.805555711626248
            ],
            [
              75.71220694654507,
              30.805557435244946
            ],
            [
              75.71199589145407,
              30.805287899969798
            ],
            [
              75.71177951722586,
              30.804296540381507
            ],
            [
              75.71219629955186,
              30.80411378753651
            ],
            [
              75.7121916417339,
              30.80348219156181
            ],
            [
              75.711453302891,
              30.802583929844406
            ],
            [
              75.71165371267668,
              30.80140981774833
            ],
            [
              75.71311639862111,
              30.80131154690988
            ],
            [
              75.71311506622972,
              30.801131090881544
            ],
            [
              75.71353249898114,
              30.801038561913902
            ],
            [
              75.71154586385208,
              30.800959251376355
            ],
            [
              75.71143535766097,
              30.800147772629497
            ],
            [
              75.71164440528185,
              30.800146625060002
            ],
            [
              75.71164041657823,
              30.799605256688793
            ],
            [
              75.75000023341325,
              30.799388976063316
            ],
            [
              75.75024633893871,
              30.831058678366794
            ],
            [
              75.7496190005906,
              30.83106231009057
            ],
            [
              75.74951234112446,
              30.830792234485102
            ],
            [
              75.7489895605315,
              30.83079525814711
            ],
            [
              75.74888290312799,
              30.830525181978743
            ],
            [
              75.7482555680531,
              30.830528807043887
            ],
            [
              75.7480506542226,
              30.831071376111012
            ],
            [
              75.7470057882639,
              30.83116763649269
            ],
            [
              75.74491395935868,
              30.83108945119907
            ],
            [
              75.74470206017804,
              30.830729745644174
            ],
            [
              75.74417858332396,
              30.830642522910455
            ],
            [
              75.74345016745389,
              30.831097860252743
            ],
            [
              75.74198429298914,
              30.830835571708665
            ],
            [
              75.74188181830256,
              30.831106851601565
            ],
            [
              75.74146428524247,
              30.831199473116527
            ],
            [
              75.7413583416973,
              30.83101961746749
            ],
            [
              75.74041733260779,
              30.831024999348244
            ],
            [
              75.7401015861986,
              30.830756110610682
            ],
            [
              75.7396833609912,
              30.830758499325928
            ],
            [
              75.73968682014551,
              30.831209634660496
            ],
            [
              75.73843213835765,
              30.831216792833736
            ],
            [
              75.73843075703309,
              30.831036338652762
            ],
            [
              75.73780272707322,
              30.830949686052517
            ],
            [
              75.73769610061095,
              30.83067960017655
            ],
            [
              75.737383121459,
              30.8307716131288
            ],
            [
              75.73759430382302,
              30.831041103984276
            ],
            [
              75.73696765307675,
              30.83113490155995
            ],
            [
              75.73675509405939,
              30.83068495540292
            ],
            [
              75.73654804813278,
              30.830956825924353
            ],
            [
              75.73623437832775,
              30.83095860899387
            ],
            [
              75.73654667034661,
              30.830776371659475
            ],
            [
              75.73654460369066,
              30.830505690252593
            ],
            [
              75.73445348090661,
              30.830517562827694
            ],
            [
              75.73361771759058,
              30.83061252960393
            ],
            [
              75.73320429275671,
              30.831246487773104
            ],
            [
              75.7313222664451,
              30.831257126313176
            ],
            [
              75.73132363448507,
              30.83143758077621
            ],
            [
              75.73069629098573,
              30.83144112090635
            ],
            [
              75.73069424069033,
              30.831170439172084
            ],
            [
              75.7272445393453,
              30.83128008269906
            ],
            [
              75.7271386219729,
              30.831100215001065
            ],
            [
              75.72630420406112,
              30.831375589433918
            ],
            [
              75.72577802341912,
              30.83092738276417
            ],
            [
              75.72556958840799,
              30.831018781528417
            ],
            [
              75.7258846170096,
              30.831197478966146
            ],
            [
              75.72588665381231,
              30.831468160989182
            ],
            [
              75.72463196478697,
              30.831475185560567
            ],
            [
              75.72452537435876,
              30.831205088288755
            ],
            [
              75.72483768988788,
              30.83102287882681
            ],
            [
              75.72462722050305,
              30.830843593980624
            ],
            [
              75.72369094772911,
              30.83148044601544
            ],
            [
              75.71940543487955,
              30.831684778756
            ]
          ]
        ]
      }
    }
  ]
}